BEGIN;

INSERT INTO public.user_interaction (id, created_at, interaction_type, product_id, user_id) VALUES (609, '2026-02-18 14:24:19.037645 +00:00', 'ADD_TO_CART', 222, 12);
INSERT INTO public.user_interaction (id, created_at, interaction_type, product_id, user_id) VALUES (611, '2026-02-01 14:24:19.037645 +00:00', 'PURCHASE', 170, 3);
INSERT INTO public.user_interaction (id, created_at, interaction_type, product_id, user_id) VALUES (697, '2026-02-23 08:32:29.671780 +00:00', 'ADD_TO_CART', 256, 22);
INSERT INTO public.user_interaction (id, created_at, interaction_type, product_id, user_id) VALUES (613, '2026-01-26 14:24:19.037645 +00:00', 'PURCHASE', 183, 6);
INSERT INTO public.user_interaction (id, created_at, interaction_type, product_id, user_id) VALUES (702, '2026-02-24 14:51:26.700915 +00:00', 'ADD_TO_CART', 163, 22);
INSERT INTO public.user_interaction (id, created_at, interaction_type, product_id, user_id) VALUES (704, '2026-02-24 14:51:27.883253 +00:00', 'ADD_TO_CART', 163, 22);
INSERT INTO public.user_interaction (id, created_at, interaction_type, product_id, user_id) VALUES (616, '2026-01-23 14:24:19.037645 +00:00', 'VIEW', 187, 16);
INSERT INTO public.user_interaction (id, created_at, interaction_type, product_id, user_id) VALUES (617, '2026-02-07 14:24:19.037645 +00:00', 'VIEW', 142, 7);
INSERT INTO public.user_interaction (id, created_at, interaction_type, product_id, user_id) VALUES (618, '2026-02-07 14:24:19.037645 +00:00', 'ADD_TO_CART', 177, 9);
INSERT INTO public.user_interaction (id, created_at, interaction_type, product_id, user_id) VALUES (619, '2026-02-17 14:24:19.037645 +00:00', 'PURCHASE', 178, 8);
INSERT INTO public.user_interaction (id, created_at, interaction_type, product_id, user_id) VALUES (620, '2026-02-21 14:24:19.037645 +00:00', 'VIEW', 137, 19);
INSERT INTO public.user_interaction (id, created_at, interaction_type, product_id, user_id) VALUES (707, '2026-02-24 14:51:29.348437 +00:00', 'ADD_TO_CART', 216, 22);
INSERT INTO public.user_interaction (id, created_at, interaction_type, product_id, user_id) VALUES (622, '2026-02-03 14:24:19.037645 +00:00', 'ADD_TO_CART', 166, 1);
INSERT INTO public.user_interaction (id, created_at, interaction_type, product_id, user_id) VALUES (623, '2026-02-21 14:24:19.037645 +00:00', 'ADD_TO_CART', 177, 11);
INSERT INTO public.user_interaction (id, created_at, interaction_type, product_id, user_id) VALUES (624, '2026-02-21 14:24:19.037645 +00:00', 'ADD_TO_CART', 141, 2);
INSERT INTO public.user_interaction (id, created_at, interaction_type, product_id, user_id) VALUES (625, '2026-02-02 14:24:19.037645 +00:00', 'ADD_TO_CART', 173, 9);
INSERT INTO public.user_interaction (id, created_at, interaction_type, product_id, user_id) VALUES (626, '2026-01-28 14:24:19.037645 +00:00', 'ADD_TO_CART', 173, 5);
INSERT INTO public.user_interaction (id, created_at, interaction_type, product_id, user_id) VALUES (627, '2026-02-04 14:24:19.037645 +00:00', 'VIEW', 157, 13);
INSERT INTO public.user_interaction (id, created_at, interaction_type, product_id, user_id) VALUES (718, '2026-02-24 15:06:30.061978 +00:00', 'ADD_TO_CART', 257, 22);
INSERT INTO public.user_interaction (id, created_at, interaction_type, product_id, user_id) VALUES (629, '2026-02-10 14:24:19.037645 +00:00', 'ADD_TO_CART', 222, 5);
INSERT INTO public.user_interaction (id, created_at, interaction_type, product_id, user_id) VALUES (630, '2026-01-24 14:24:19.037645 +00:00', 'VIEW', 160, 9);
INSERT INTO public.user_interaction (id, created_at, interaction_type, product_id, user_id) VALUES (631, '2026-01-28 14:24:19.037645 +00:00', 'PURCHASE', 156, 7);
INSERT INTO public.user_interaction (id, created_at, interaction_type, product_id, user_id) VALUES (632, '2026-02-19 14:24:19.037645 +00:00', 'ADD_TO_CART', 153, 4);
INSERT INTO public.user_interaction (id, created_at, interaction_type, product_id, user_id) VALUES (633, '2026-02-08 14:24:19.037645 +00:00', 'ADD_TO_CART', 178, 18);
INSERT INTO public.user_interaction (id, created_at, interaction_type, product_id, user_id) VALUES (634, '2026-02-09 14:24:19.037645 +00:00', 'ADD_TO_CART', 222, 5);
INSERT INTO public.user_interaction (id, created_at, interaction_type, product_id, user_id) VALUES (635, '2026-02-11 14:24:19.037645 +00:00', 'VIEW', 170, 12);
INSERT INTO public.user_interaction (id, created_at, interaction_type, product_id, user_id) VALUES (636, '2026-01-31 14:24:19.037645 +00:00', 'ADD_TO_CART', 172, 17);
INSERT INTO public.user_interaction (id, created_at, interaction_type, product_id, user_id) VALUES (637, '2026-02-07 14:24:19.037645 +00:00', 'ADD_TO_CART', 171, 17);
INSERT INTO public.user_interaction (id, created_at, interaction_type, product_id, user_id) VALUES (723, '2026-02-25 17:31:50.611421 +00:00', 'ADD_TO_CART', 164, 22);
INSERT INTO public.user_interaction (id, created_at, interaction_type, product_id, user_id) VALUES (725, '2026-02-25 17:31:53.018164 +00:00', 'ADD_TO_CART', 164, 22);
INSERT INTO public.user_interaction (id, created_at, interaction_type, product_id, user_id) VALUES (726, '2026-02-25 17:31:53.861577 +00:00', 'ADD_TO_CART', 164, 22);
INSERT INTO public.user_interaction (id, created_at, interaction_type, product_id, user_id) VALUES (641, '2026-02-07 14:24:19.037645 +00:00', 'VIEW', 223, 13);
INSERT INTO public.user_interaction (id, created_at, interaction_type, product_id, user_id) VALUES (727, '2026-02-25 17:31:54.888796 +00:00', 'ADD_TO_CART', 164, 22);
INSERT INTO public.user_interaction (id, created_at, interaction_type, product_id, user_id) VALUES (643, '2026-01-28 14:24:19.037645 +00:00', 'PURCHASE', 155, 12);
INSERT INTO public.user_interaction (id, created_at, interaction_type, product_id, user_id) VALUES (729, '2026-02-25 17:31:57.765427 +00:00', 'ADD_TO_CART', 164, 22);
INSERT INTO public.user_interaction (id, created_at, interaction_type, product_id, user_id) VALUES (737, '2026-02-26 12:43:30.654538 +00:00', 'ADD_TO_CART', 163, 22);
INSERT INTO public.user_interaction (id, created_at, interaction_type, product_id, user_id) VALUES (742, '2026-02-28 17:44:11.378456 +00:00', 'ADD_TO_CART', 255, 22);
INSERT INTO public.user_interaction (id, created_at, interaction_type, product_id, user_id) VALUES (752, '2026-02-28 21:22:40.282498 +00:00', 'ADD_TO_CART', 163, 22);
INSERT INTO public.user_interaction (id, created_at, interaction_type, product_id, user_id) VALUES (753, '2026-02-28 21:22:40.879854 +00:00', 'ADD_TO_CART', 163, 22);
INSERT INTO public.user_interaction (id, created_at, interaction_type, product_id, user_id) VALUES (755, '2026-02-28 21:23:46.561219 +00:00', 'ADD_TO_CART', 189, 22);
INSERT INTO public.user_interaction (id, created_at, interaction_type, product_id, user_id) VALUES (756, '2026-02-28 21:23:49.225715 +00:00', 'ADD_TO_CART', 182, 22);
INSERT INTO public.user_interaction (id, created_at, interaction_type, product_id, user_id) VALUES (759, '2026-02-28 21:28:00.859950 +00:00', 'ADD_TO_CART', 250, 22);
INSERT INTO public.user_interaction (id, created_at, interaction_type, product_id, user_id) VALUES (760, '2026-02-28 21:28:06.908139 +00:00', 'ADD_TO_CART', 216, 22);
INSERT INTO public.user_interaction (id, created_at, interaction_type, product_id, user_id) VALUES (763, '2026-02-28 21:30:30.008874 +00:00', 'ADD_TO_CART', 189, 22);
INSERT INTO public.user_interaction (id, created_at, interaction_type, product_id, user_id) VALUES (768, '2026-03-02 13:41:55.638692 +00:00', 'ADD_TO_CART', 163, 22);
INSERT INTO public.user_interaction (id, created_at, interaction_type, product_id, user_id) VALUES (772, '2026-03-02 14:23:11.075394 +00:00', 'PURCHASE', 171, 22);
INSERT INTO public.user_interaction (id, created_at, interaction_type, product_id, user_id) VALUES (773, '2026-03-02 14:24:23.258425 +00:00', 'ADD_TO_CART', 257, 22);
INSERT INTO public.user_interaction (id, created_at, interaction_type, product_id, user_id) VALUES (774, '2026-03-02 14:34:22.225855 +00:00', 'PURCHASE', 257, 22);
INSERT INTO public.user_interaction (id, created_at, interaction_type, product_id, user_id) VALUES (776, '2026-03-02 14:35:52.801563 +00:00', 'PURCHASE', 182, 22);
INSERT INTO public.user_interaction (id, created_at, interaction_type, product_id, user_id) VALUES (780, '2026-03-02 14:47:15.177123 +00:00', 'ADD_TO_CART', 189, 22);
INSERT INTO public.user_interaction (id, created_at, interaction_type, product_id, user_id) VALUES (785, '2026-03-02 14:47:20.989004 +00:00', 'PURCHASE', 189, 22);
INSERT INTO public.user_interaction (id, created_at, interaction_type, product_id, user_id) VALUES (786, '2026-03-02 14:47:20.992132 +00:00', 'PURCHASE', 216, 22);
INSERT INTO public.user_interaction (id, created_at, interaction_type, product_id, user_id) VALUES (787, '2026-03-02 14:47:58.635193 +00:00', 'ADD_TO_CART', 216, 22);
INSERT INTO public.user_interaction (id, created_at, interaction_type, product_id, user_id) VALUES (788, '2026-03-02 14:52:19.669227 +00:00', 'ADD_TO_CART', 190, 22);
INSERT INTO public.user_interaction (id, created_at, interaction_type, product_id, user_id) VALUES (789, '2026-03-02 14:57:52.552471 +00:00', 'ADD_TO_CART', 149, 22);
INSERT INTO public.user_interaction (id, created_at, interaction_type, product_id, user_id) VALUES (790, '2026-03-02 15:00:18.007851 +00:00', 'ADD_TO_CART', 182, 22);
INSERT INTO public.user_interaction (id, created_at, interaction_type, product_id, user_id) VALUES (791, '2026-03-02 15:00:21.959815 +00:00', 'ADD_TO_CART', 189, 22);
INSERT INTO public.user_interaction (id, created_at, interaction_type, product_id, user_id) VALUES (792, '2026-03-02 15:29:05.557912 +00:00', 'ADD_TO_CART', 189, 22);
INSERT INTO public.user_interaction (id, created_at, interaction_type, product_id, user_id) VALUES (793, '2026-03-02 15:36:33.316613 +00:00', 'ADD_TO_CART', 189, 22);
INSERT INTO public.user_interaction (id, created_at, interaction_type, product_id, user_id) VALUES (794, '2026-03-02 15:36:34.025286 +00:00', 'ADD_TO_CART', 189, 22);
INSERT INTO public.user_interaction (id, created_at, interaction_type, product_id, user_id) VALUES (795, '2026-03-02 15:36:34.998168 +00:00', 'ADD_TO_CART', 189, 22);
INSERT INTO public.user_interaction (id, created_at, interaction_type, product_id, user_id) VALUES (796, '2026-03-02 15:36:35.414244 +00:00', 'ADD_TO_CART', 189, 22);
INSERT INTO public.user_interaction (id, created_at, interaction_type, product_id, user_id) VALUES (797, '2026-03-02 15:36:36.211624 +00:00', 'ADD_TO_CART', 189, 22);
INSERT INTO public.user_interaction (id, created_at, interaction_type, product_id, user_id) VALUES (798, '2026-03-02 15:36:36.355790 +00:00', 'ADD_TO_CART', 189, 22);
INSERT INTO public.user_interaction (id, created_at, interaction_type, product_id, user_id) VALUES (799, '2026-03-02 15:36:52.746764 +00:00', 'ADD_TO_CART', 189, 22);
INSERT INTO public.user_interaction (id, created_at, interaction_type, product_id, user_id) VALUES (800, '2026-03-02 15:36:57.976908 +00:00', 'ADD_TO_CART', 261, 22);
INSERT INTO public.user_interaction (id, created_at, interaction_type, product_id, user_id) VALUES (801, '2026-03-02 15:37:09.015792 +00:00', 'ADD_TO_CART', 261, 22);
INSERT INTO public.user_interaction (id, created_at, interaction_type, product_id, user_id) VALUES (802, '2026-03-02 15:37:10.809675 +00:00', 'ADD_TO_CART', 216, 22);
INSERT INTO public.user_interaction (id, created_at, interaction_type, product_id, user_id) VALUES (803, '2026-03-02 15:42:23.301643 +00:00', 'ADD_TO_CART', 259, 22);
INSERT INTO public.user_interaction (id, created_at, interaction_type, product_id, user_id) VALUES (804, '2026-03-02 15:42:29.955747 +00:00', 'PURCHASE', 189, 22);
INSERT INTO public.user_interaction (id, created_at, interaction_type, product_id, user_id) VALUES (805, '2026-03-02 15:42:29.958383 +00:00', 'PURCHASE', 261, 22);
INSERT INTO public.user_interaction (id, created_at, interaction_type, product_id, user_id) VALUES (806, '2026-03-02 15:42:29.961095 +00:00', 'PURCHASE', 216, 22);
INSERT INTO public.user_interaction (id, created_at, interaction_type, product_id, user_id) VALUES (807, '2026-03-02 15:42:29.963057 +00:00', 'PURCHASE', 259, 22);
INSERT INTO public.user_interaction (id, created_at, interaction_type, product_id, user_id) VALUES (808, '2026-03-02 15:48:49.612580 +00:00', 'ADD_TO_CART', 163, 22);
INSERT INTO public.user_interaction (id, created_at, interaction_type, product_id, user_id) VALUES (809, '2026-03-02 15:48:50.023872 +00:00', 'ADD_TO_CART', 182, 22);
INSERT INTO public.user_interaction (id, created_at, interaction_type, product_id, user_id) VALUES (810, '2026-03-02 15:48:52.363482 +00:00', 'ADD_TO_CART', 257, 22);
INSERT INTO public.user_interaction (id, created_at, interaction_type, product_id, user_id) VALUES (811, '2026-03-02 15:48:52.868872 +00:00', 'ADD_TO_CART', 216, 22);
INSERT INTO public.user_interaction (id, created_at, interaction_type, product_id, user_id) VALUES (812, '2026-03-05 19:10:26.763816 +00:00', 'ADD_TO_CART', 163, 22);
INSERT INTO public.user_interaction (id, created_at, interaction_type, product_id, user_id) VALUES (813, '2026-03-05 19:10:26.911890 +00:00', 'ADD_TO_CART', 189, 22);
INSERT INTO public.user_interaction (id, created_at, interaction_type, product_id, user_id) VALUES (814, '2026-03-05 19:10:27.938702 +00:00', 'ADD_TO_CART', 182, 22);
INSERT INTO public.user_interaction (id, created_at, interaction_type, product_id, user_id) VALUES (815, '2026-03-05 19:10:38.406976 +00:00', 'ADD_TO_CART', 272, 22);
INSERT INTO public.user_interaction (id, created_at, interaction_type, product_id, user_id) VALUES (817, '2026-03-05 19:10:45.685183 +00:00', 'ADD_TO_CART', 250, 22);
INSERT INTO public.user_interaction (id, created_at, interaction_type, product_id, user_id) VALUES (821, '2026-03-05 19:11:13.038539 +00:00', 'ADD_TO_CART', 148, 22);
INSERT INTO public.user_interaction (id, created_at, interaction_type, product_id, user_id) VALUES (823, '2026-03-05 19:11:13.338503 +00:00', 'ADD_TO_CART', 148, 22);
INSERT INTO public.user_interaction (id, created_at, interaction_type, product_id, user_id) VALUES (825, '2026-03-05 19:14:03.282826 +00:00', 'ADD_TO_CART', 250, 22);
INSERT INTO public.user_interaction (id, created_at, interaction_type, product_id, user_id) VALUES (827, '2026-03-05 19:14:12.939613 +00:00', 'ADD_TO_CART', 250, 22);
INSERT INTO public.user_interaction (id, created_at, interaction_type, product_id, user_id) VALUES (831, '2026-03-05 19:14:13.522395 +00:00', 'ADD_TO_CART', 250, 22);
INSERT INTO public.user_interaction (id, created_at, interaction_type, product_id, user_id) VALUES (832, '2026-03-05 19:14:13.689801 +00:00', 'ADD_TO_CART', 250, 22);
INSERT INTO public.user_interaction (id, created_at, interaction_type, product_id, user_id) VALUES (836, '2026-03-05 19:14:17.852104 +00:00', 'ADD_TO_CART', 180, 22);
INSERT INTO public.user_interaction (id, created_at, interaction_type, product_id, user_id) VALUES (837, '2026-03-05 19:14:23.330380 +00:00', 'ADD_TO_CART', 148, 22);
INSERT INTO public.user_interaction (id, created_at, interaction_type, product_id, user_id) VALUES (840, '2026-03-05 19:14:25.571101 +00:00', 'ADD_TO_CART', 148, 22);
INSERT INTO public.user_interaction (id, created_at, interaction_type, product_id, user_id) VALUES (816, '2026-03-05 19:10:41.972555 +00:00', 'ADD_TO_CART', 180, 22);
INSERT INTO public.user_interaction (id, created_at, interaction_type, product_id, user_id) VALUES (818, '2026-03-05 19:10:56.388332 +00:00', 'ADD_TO_CART', 144, 22);
INSERT INTO public.user_interaction (id, created_at, interaction_type, product_id, user_id) VALUES (819, '2026-03-05 19:10:57.397491 +00:00', 'ADD_TO_CART', 147, 22);
INSERT INTO public.user_interaction (id, created_at, interaction_type, product_id, user_id) VALUES (820, '2026-03-05 19:11:09.103905 +00:00', 'ADD_TO_CART', 148, 22);
INSERT INTO public.user_interaction (id, created_at, interaction_type, product_id, user_id) VALUES (822, '2026-03-05 19:11:13.177394 +00:00', 'ADD_TO_CART', 148, 22);
INSERT INTO public.user_interaction (id, created_at, interaction_type, product_id, user_id) VALUES (824, '2026-03-05 19:12:00.371474 +00:00', 'ADD_TO_CART', 163, 22);
INSERT INTO public.user_interaction (id, created_at, interaction_type, product_id, user_id) VALUES (826, '2026-03-05 19:14:07.443450 +00:00', 'ADD_TO_CART', 180, 22);
INSERT INTO public.user_interaction (id, created_at, interaction_type, product_id, user_id) VALUES (828, '2026-03-05 19:14:13.066633 +00:00', 'ADD_TO_CART', 250, 22);
INSERT INTO public.user_interaction (id, created_at, interaction_type, product_id, user_id) VALUES (829, '2026-03-05 19:14:13.241537 +00:00', 'ADD_TO_CART', 250, 22);
INSERT INTO public.user_interaction (id, created_at, interaction_type, product_id, user_id) VALUES (830, '2026-03-05 19:14:13.372373 +00:00', 'ADD_TO_CART', 250, 22);
INSERT INTO public.user_interaction (id, created_at, interaction_type, product_id, user_id) VALUES (833, '2026-03-05 19:14:16.845798 +00:00', 'ADD_TO_CART', 180, 22);
INSERT INTO public.user_interaction (id, created_at, interaction_type, product_id, user_id) VALUES (834, '2026-03-05 19:14:17.550473 +00:00', 'ADD_TO_CART', 180, 22);
INSERT INTO public.user_interaction (id, created_at, interaction_type, product_id, user_id) VALUES (835, '2026-03-05 19:14:17.708137 +00:00', 'ADD_TO_CART', 180, 22);
INSERT INTO public.user_interaction (id, created_at, interaction_type, product_id, user_id) VALUES (838, '2026-03-05 19:14:25.316908 +00:00', 'ADD_TO_CART', 148, 22);
INSERT INTO public.user_interaction (id, created_at, interaction_type, product_id, user_id) VALUES (839, '2026-03-05 19:14:25.469903 +00:00', 'ADD_TO_CART', 148, 22);
INSERT INTO public.user_interaction (id, created_at, interaction_type, product_id, user_id) VALUES (841, '2026-03-05 19:35:16.190371 +00:00', 'PURCHASE', 250, 22);
INSERT INTO public.user_interaction (id, created_at, interaction_type, product_id, user_id) VALUES (842, '2026-03-05 19:35:16.206338 +00:00', 'PURCHASE', 180, 22);
INSERT INTO public.user_interaction (id, created_at, interaction_type, product_id, user_id) VALUES (843, '2026-03-05 19:35:16.208810 +00:00', 'PURCHASE', 148, 22);
INSERT INTO public.user_interaction (id, created_at, interaction_type, product_id, user_id) VALUES (844, '2026-03-05 19:54:15.905928 +00:00', 'ADD_TO_CART', 182, 22);
INSERT INTO public.user_interaction (id, created_at, interaction_type, product_id, user_id) VALUES (845, '2026-03-05 20:07:45.943562 +00:00', 'ADD_TO_CART', 163, 22);
INSERT INTO public.user_interaction (id, created_at, interaction_type, product_id, user_id) VALUES (846, '2026-03-06 20:59:44.916592 +00:00', 'ADD_TO_CART', 137, 22);
INSERT INTO public.user_interaction (id, created_at, interaction_type, product_id, user_id) VALUES (847, '2026-03-06 21:02:17.493768 +00:00', 'ADD_TO_CART', 163, 22);
INSERT INTO public.user_interaction (id, created_at, interaction_type, product_id, user_id) VALUES (848, '2026-03-06 21:02:22.872498 +00:00', 'ADD_TO_CART', 163, 22);
INSERT INTO public.user_interaction (id, created_at, interaction_type, product_id, user_id) VALUES (849, '2026-03-06 21:02:43.348587 +00:00', 'ADD_TO_CART', 163, 22);
INSERT INTO public.user_interaction (id, created_at, interaction_type, product_id, user_id) VALUES (850, '2026-03-07 11:36:18.863706 +00:00', 'ADD_TO_CART', 160, 22);
SELECT setval(pg_get_serial_sequence('public.user_interaction', 'id'), coalesce(max(id), 1), max(id) IS NOT null) FROM public.user_interaction;
SELECT setval(pg_get_serial_sequence('public.order_item', 'id'), coalesce(max(id), 1), max(id) IS NOT null) FROM public.order_item;
SELECT setval(pg_get_serial_sequence('public.orders', 'id'), coalesce(max(id), 1), max(id) IS NOT null) FROM public.orders;
SELECT setval(pg_get_serial_sequence('public.cart_item', 'id'), coalesce(max(id), 1), max(id) IS NOT null) FROM public.cart_item;
SELECT setval(pg_get_serial_sequence('public.cart', 'id'), coalesce(max(id), 1), max(id) IS NOT null) FROM public.cart;
SELECT setval(pg_get_serial_sequence('public.address', 'id'), coalesce(max(id), 1), max(id) IS NOT null) FROM public.address;
SELECT setval(pg_get_serial_sequence('public.users', 'id'), coalesce(max(id), 1), max(id) IS NOT null) FROM public.users;
SELECT setval(pg_get_serial_sequence('public.product_image', 'id'), coalesce(max(id), 1), max(id) IS NOT null) FROM public.product_image;
SELECT setval(pg_get_serial_sequence('public.product_attribute', 'id'), coalesce(max(id), 1), max(id) IS NOT null) FROM public.product_attribute;
SELECT setval(pg_get_serial_sequence('public.discount', 'id'), coalesce(max(id), 1), max(id) IS NOT null) FROM public.discount;
SELECT setval(pg_get_serial_sequence('public.product_batch', 'id'), coalesce(max(id), 1), max(id) IS NOT null) FROM public.product_batch;
SELECT setval(pg_get_serial_sequence('public.product', 'id'), coalesce(max(id), 1), max(id) IS NOT null) FROM public.product;
SELECT setval(pg_get_serial_sequence('public.category', 'id'), coalesce(max(id), 1), max(id) IS NOT null) FROM public.category;
SELECT setval(pg_get_serial_sequence('public.brand', 'id'), coalesce(max(id), 1), max(id) IS NOT null) FROM public.brand;
INSERT INTO public.product (id, description, expiration_date, name, near_expiry_quantity, price, stock_quantity, unit_of_measure, brand_id, category_id) VALUES (282, 'Piept de pui dezosat, proaspat, ideal pentru gratar sau snitele.', '2026-03-25', 'Piept de Pui 500g', 0, 14.5, 45, 'buc', 50, 3);
INSERT INTO public.product (id, description, expiration_date, name, near_expiry_quantity, price, stock_quantity, unit_of_measure, brand_id, category_id) VALUES (283, 'Pulpe de pui superioare, gustoase si fragede.', '2026-03-24', 'Pulpe de Pui 500g', 0, 11.5, 52, 'buc', 50, 3);
INSERT INTO public.product (id, description, expiration_date, name, near_expiry_quantity, price, stock_quantity, unit_of_measure, brand_id, category_id) VALUES (284, 'Aripioare de pui, perfecte pentru o masa rapida.', '2026-03-12', 'Aripioare de Pui 500g', 15, 10.0, 38, 'buc', 50, 3);
INSERT INTO public.product (id, description, expiration_date, name, near_expiry_quantity, price, stock_quantity, unit_of_measure, brand_id, category_id) VALUES (285, 'Carne tocata amestec porc-vita, 20% grasime.', '2026-03-26', 'Carne Tocata Mixta 500g', 0, 16.0, 60, 'buc', 50, 3);
INSERT INTO public.product (id, description, expiration_date, name, near_expiry_quantity, price, stock_quantity, unit_of_measure, brand_id, category_id) VALUES (286, 'Ceafa de porc fara os, suculenta si aromata.', '2026-03-23', 'Ceafa de Porc 500g', 0, 19.5, 41, 'buc', 50, 3);
INSERT INTO public.product (id, description, expiration_date, name, near_expiry_quantity, price, stock_quantity, unit_of_measure, brand_id, category_id) VALUES (287, 'Cotlet de porc fara os, feliat.', '2026-03-14', 'Cotlet de Porc 500g', 10, 21.0, 25, 'buc', 50, 3);
INSERT INTO public.product (id, description, expiration_date, name, near_expiry_quantity, price, stock_quantity, unit_of_measure, brand_id, category_id) VALUES (288, 'Antricot de vita, maturat, excelent pentru friptura.', '2026-03-28', 'Antricot de Vita 300g', 0, 35.0, 18, 'buc', 50, 3);
INSERT INTO public.product (id, description, expiration_date, name, near_expiry_quantity, price, stock_quantity, unit_of_measure, brand_id, category_id) VALUES (289, 'File de somon proaspat, bogat in Omega-3.', '2026-03-21', 'File de Somon 250g', 0, 28.5, 30, 'buc', 50, 3);
INSERT INTO public.product (id, description, expiration_date, name, near_expiry_quantity, price, stock_quantity, unit_of_measure, brand_id, category_id) VALUES (290, 'Pastrav eviscerat, proaspat.', '2026-03-11', 'Pastrav Eviscerat 400g', 8, 18.0, 22, 'buc', 50, 3);
INSERT INTO public.product (id, description, expiration_date, name, near_expiry_quantity, price, stock_quantity, unit_of_measure, brand_id, category_id) VALUES (291, 'Crap proaspat, crescut in conditii optime.', '2026-03-22', 'Crap Eviscerat 500g', 0, 22.0, 15, 'buc', 50, 3);
INSERT INTO public.product (id, description, expiration_date, name, near_expiry_quantity, price, stock_quantity, unit_of_measure, brand_id, category_id) VALUES (292, 'Fructe de mare asortate (creveti, midii, calamar).', '2026-04-15', 'Fructe de Mare Mix 400g', 0, 32.0, 40, 'buc', 50, 3);
INSERT INTO public.product (id, description, expiration_date, name, near_expiry_quantity, price, stock_quantity, unit_of_measure, brand_id, category_id) VALUES (293, 'Salam de Sibiu autentic.', '2026-05-10', 'Salam de Sibiu 300g', 0, 24.5, 55, 'buc', 50, 3);
INSERT INTO public.product (id, description, expiration_date, name, near_expiry_quantity, price, stock_quantity, unit_of_measure, brand_id, category_id) VALUES (294, 'Crenvursti din piept de pui.', '2026-03-18', 'Crenvursti de Pui 300g', 0, 12.0, 70, 'buc', 50, 3);
INSERT INTO public.product (id, description, expiration_date, name, near_expiry_quantity, price, stock_quantity, unit_of_measure, brand_id, category_id) VALUES (295, 'Muschi file afumat.', '2026-04-05', 'Muschi File 200g', 0, 15.5, 65, 'buc', 50, 3);
INSERT INTO public.product_batch (id, quantity, expiration_date, product_id) VALUES (80, 45, '2026-03-25', 282);
INSERT INTO public.product_batch (id, quantity, expiration_date, product_id) VALUES (81, 52, '2026-03-24', 283);
INSERT INTO public.product_batch (id, quantity, expiration_date, product_id) VALUES (82, 15, '2026-03-12', 284);
INSERT INTO public.product_batch (id, quantity, expiration_date, product_id) VALUES (83, 23, '2026-03-30', 284);
INSERT INTO public.product_batch (id, quantity, expiration_date, product_id) VALUES (84, 60, '2026-03-26', 285);
INSERT INTO public.product_batch (id, quantity, expiration_date, product_id) VALUES (85, 41, '2026-03-23', 286);
INSERT INTO public.product_batch (id, quantity, expiration_date, product_id) VALUES (86, 10, '2026-03-14', 287);
INSERT INTO public.product_batch (id, quantity, expiration_date, product_id) VALUES (87, 15, '2026-04-01', 287);
INSERT INTO public.product_batch (id, quantity, expiration_date, product_id) VALUES (88, 18, '2026-03-28', 288);
INSERT INTO public.product_batch (id, quantity, expiration_date, product_id) VALUES (89, 30, '2026-03-21', 289);
INSERT INTO public.product_batch (id, quantity, expiration_date, product_id) VALUES (90, 8, '2026-03-11', 290);
INSERT INTO public.product_batch (id, quantity, expiration_date, product_id) VALUES (91, 14, '2026-03-20', 290);
INSERT INTO public.product_batch (id, quantity, expiration_date, product_id) VALUES (92, 15, '2026-03-22', 291);
INSERT INTO public.product_batch (id, quantity, expiration_date, product_id) VALUES (93, 40, '2026-04-15', 292);
INSERT INTO public.product_batch (id, quantity, expiration_date, product_id) VALUES (94, 55, '2026-05-10', 293);
INSERT INTO public.product_batch (id, quantity, expiration_date, product_id) VALUES (95, 70, '2026-03-18', 294);
INSERT INTO public.product_batch (id, quantity, expiration_date, product_id) VALUES (96, 65, '2026-04-05', 295);
INSERT INTO public.product_attribute (id, name, value, product_id) VALUES (600, 'Calories', '110 kcal', 282);
INSERT INTO public.product_attribute (id, name, value, product_id) VALUES (601, 'Proteins', '23 g', 282);
INSERT INTO public.product_attribute (id, name, value, product_id) VALUES (602, 'Calories', '160 kcal', 283);
INSERT INTO public.product_attribute (id, name, value, product_id) VALUES (603, 'Proteins', '18 g', 283);
INSERT INTO public.product_attribute (id, name, value, product_id) VALUES (604, 'Calories', '200 kcal', 284);
INSERT INTO public.product_attribute (id, name, value, product_id) VALUES (605, 'Proteins', '16 g', 284);
INSERT INTO public.product_attribute (id, name, value, product_id) VALUES (606, 'Calories', '250 kcal', 285);
INSERT INTO public.product_attribute (id, name, value, product_id) VALUES (607, 'Proteins', '15 g', 285);
INSERT INTO public.product_attribute (id, name, value, product_id) VALUES (608, 'Calories', '230 kcal', 286);
INSERT INTO public.product_attribute (id, name, value, product_id) VALUES (609, 'Proteins', '18 g', 286);
INSERT INTO public.product_attribute (id, name, value, product_id) VALUES (610, 'Calories', '180 kcal', 287);
INSERT INTO public.product_attribute (id, name, value, product_id) VALUES (611, 'Proteins', '21 g', 287);
INSERT INTO public.product_attribute (id, name, value, product_id) VALUES (612, 'Calories', '220 kcal', 288);
INSERT INTO public.product_attribute (id, name, value, product_id) VALUES (613, 'Proteins', '25 g', 288);
INSERT INTO public.product_attribute (id, name, value, product_id) VALUES (614, 'Calories', '208 kcal', 289);
INSERT INTO public.product_attribute (id, name, value, product_id) VALUES (615, 'Proteins', '20 g', 289);
INSERT INTO public.product_attribute (id, name, value, product_id) VALUES (616, 'Calories', '140 kcal', 290);
INSERT INTO public.product_attribute (id, name, value, product_id) VALUES (617, 'Proteins', '19 g', 290);
INSERT INTO public.product_attribute (id, name, value, product_id) VALUES (618, 'Calories', '120 kcal', 291);
INSERT INTO public.product_attribute (id, name, value, product_id) VALUES (619, 'Proteins', '17 g', 291);
INSERT INTO public.product_attribute (id, name, value, product_id) VALUES (620, 'Calories', '90 kcal', 292);
INSERT INTO public.product_attribute (id, name, value, product_id) VALUES (621, 'Proteins', '15 g', 292);
INSERT INTO public.product_attribute (id, name, value, product_id) VALUES (622, 'Calories', '450 kcal', 293);
INSERT INTO public.product_attribute (id, name, value, product_id) VALUES (623, 'Proteins', '20 g', 293);
INSERT INTO public.product_attribute (id, name, value, product_id) VALUES (624, 'Calories', '220 kcal', 294);
INSERT INTO public.product_attribute (id, name, value, product_id) VALUES (625, 'Proteins', '12 g', 294);
INSERT INTO public.product_attribute (id, name, value, product_id) VALUES (626, 'Calories', '130 kcal', 295);
INSERT INTO public.product_attribute (id, name, value, product_id) VALUES (627, 'Proteins', '21 g', 295);
INSERT INTO public.product_image (id, image_url, product_id) VALUES (134, '/products/local-farmers-piept-de-pui-500g.jpg', 282);
INSERT INTO public.product_image (id, image_url, product_id) VALUES (135, '/products/local-farmers-pulpe-de-pui-500g.jpg', 283);
INSERT INTO public.product_image (id, image_url, product_id) VALUES (136, '/products/local-farmers-aripioare-de-pui-500g.jpg', 284);
INSERT INTO public.product_image (id, image_url, product_id) VALUES (137, '/products/local-farmers-carne-tocata-mixta-500g.jpg', 285);
INSERT INTO public.product_image (id, image_url, product_id) VALUES (138, '/products/local-farmers-ceafa-de-porc-500g.jpg', 286);
INSERT INTO public.product_image (id, image_url, product_id) VALUES (139, '/products/local-farmers-cotlet-de-porc-500g.jpg', 287);
INSERT INTO public.product_image (id, image_url, product_id) VALUES (140, '/products/local-farmers-antricot-de-vita-300g.jpg', 288);
INSERT INTO public.product_image (id, image_url, product_id) VALUES (141, '/products/local-farmers-file-de-somon-250g.jpg', 289);
INSERT INTO public.product_image (id, image_url, product_id) VALUES (142, '/products/local-farmers-pastrav-eviscerat-400g.jpg', 290);
INSERT INTO public.product_image (id, image_url, product_id) VALUES (143, '/products/local-farmers-crap-eviscerat-500g.jpg', 291);
INSERT INTO public.product_image (id, image_url, product_id) VALUES (144, '/products/local-farmers-fructe-de-mare-mix-400g.jpg', 292);
INSERT INTO public.product_image (id, image_url, product_id) VALUES (145, '/products/local-farmers-salam-de-sibiu-300g.jpg', 293);
INSERT INTO public.product_image (id, image_url, product_id) VALUES (146, '/products/local-farmers-crenvursti-de-pui-300g.jpg', 294);
INSERT INTO public.product_image (id, image_url, product_id) VALUES (147, '/products/local-farmers-muschi-file-200g.jpg', 295);
COMMIT;
