BEGIN;

TRUNCATE TABLE public.user_interaction RESTART IDENTITY CASCADE;
TRUNCATE TABLE public.order_item RESTART IDENTITY CASCADE;
TRUNCATE TABLE public.orders RESTART IDENTITY CASCADE;
TRUNCATE TABLE public.cart_item RESTART IDENTITY CASCADE;
TRUNCATE TABLE public.cart RESTART IDENTITY CASCADE;
TRUNCATE TABLE public.address RESTART IDENTITY CASCADE;
TRUNCATE TABLE public.users RESTART IDENTITY CASCADE;
TRUNCATE TABLE public.product_image RESTART IDENTITY CASCADE;
TRUNCATE TABLE public.product_attribute RESTART IDENTITY CASCADE;
TRUNCATE TABLE public.discount RESTART IDENTITY CASCADE;
TRUNCATE TABLE public.product_batch RESTART IDENTITY CASCADE;
TRUNCATE TABLE public.product RESTART IDENTITY CASCADE;
TRUNCATE TABLE public.category RESTART IDENTITY CASCADE;
TRUNCATE TABLE public.brand RESTART IDENTITY CASCADE;
INSERT INTO public.brand (id, name) VALUES (21, 'Coca-Cola');
INSERT INTO public.brand (id, name) VALUES (22, 'Pepsi');
INSERT INTO public.brand (id, name) VALUES (23, 'Dorna');
INSERT INTO public.brand (id, name) VALUES (24, 'Borsec');
INSERT INTO public.brand (id, name) VALUES (25, 'Bucovina');
INSERT INTO public.brand (id, name) VALUES (26, 'Aqua Carpatica');
INSERT INTO public.brand (id, name) VALUES (27, 'Lipton');
INSERT INTO public.brand (id, name) VALUES (28, 'Red Bull');
INSERT INTO public.brand (id, name) VALUES (29, 'Lays');
INSERT INTO public.brand (id, name) VALUES (30, 'Pringles');
INSERT INTO public.brand (id, name) VALUES (31, 'Chio');
INSERT INTO public.brand (id, name) VALUES (32, '7Days');
INSERT INTO public.brand (id, name) VALUES (33, 'Bake Rolls');
INSERT INTO public.brand (id, name) VALUES (34, 'Milka');
INSERT INTO public.brand (id, name) VALUES (35, 'Kinder');
INSERT INTO public.brand (id, name) VALUES (36, 'Nutella');
INSERT INTO public.brand (id, name) VALUES (37, 'Mars');
INSERT INTO public.brand (id, name) VALUES (38, 'Snickers');
INSERT INTO public.brand (id, name) VALUES (39, 'Oreo');
INSERT INTO public.brand (id, name) VALUES (40, 'Napolact');
INSERT INTO public.brand (id, name) VALUES (41, 'Zuzu');
INSERT INTO public.brand (id, name) VALUES (42, 'Danone');
INSERT INTO public.brand (id, name) VALUES (43, 'Hochland');
INSERT INTO public.brand (id, name) VALUES (44, 'President');
INSERT INTO public.brand (id, name) VALUES (45, 'Barilla');
INSERT INTO public.brand (id, name) VALUES (46, 'Baneasa');
INSERT INTO public.brand (id, name) VALUES (47, 'Heinz');
INSERT INTO public.brand (id, name) VALUES (48, 'Hellmanns');
INSERT INTO public.brand (id, name) VALUES (49, 'Mutti');
INSERT INTO public.brand (id, name) VALUES (50, 'Local Farmers');
INSERT INTO public.category (id, name) VALUES (1, 'Bakery');
INSERT INTO public.category (id, name) VALUES (2, 'Beverages');
INSERT INTO public.category (id, name) VALUES (3, 'Meat & Fish');
INSERT INTO public.category (id, name) VALUES (4, 'Sweets & Snacks');
INSERT INTO public.category (id, name) VALUES (5, 'Fruits & Vegetables');
INSERT INTO public.category (id, name) VALUES (6, 'Dairy & Eggs');
INSERT INTO public.category (id, name) VALUES (7, 'Pastry');
INSERT INTO public.product (id, description, expiration_date, name, near_expiry_quantity, price, stock_quantity, unit_of_measure, brand_id, category_id) VALUES (156, 'A delicious and high-quality product.', '2026-03-22', 'Chipsuri Paprika 140g', 0, 8, 25, 'buc', 29, 4);
INSERT INTO public.product (id, description, expiration_date, name, near_expiry_quantity, price, stock_quantity, unit_of_measure, brand_id, category_id) VALUES (272, 'Fructe si legume proaspete de la producatori locali.', '2026-02-27', 'Zmeura 100g', 0, 4, 3, '100g', 50, 5);
INSERT INTO public.product (id, description, expiration_date, name, near_expiry_quantity, price, stock_quantity, unit_of_measure, brand_id, category_id) VALUES (164, 'A delicious and high-quality product.', '2026-03-04', 'Bake Rolls Usturoi 80g', 0, 4.5, 90, 'buc', 33, 4);
INSERT INTO public.product (id, description, expiration_date, name, near_expiry_quantity, price, stock_quantity, unit_of_measure, brand_id, category_id) VALUES (160, 'A delicious and high-quality product.', '2026-03-09', 'Chipsuri cu Sare 140g', 43, 7.5, 43, 'buc', 31, 4);
INSERT INTO public.product (id, description, expiration_date, name, near_expiry_quantity, price, stock_quantity, unit_of_measure, brand_id, category_id) VALUES (167, 'A delicious and high-quality product.', '2026-03-10', 'Ciocolata Oreo 100g', 116, 6, 116, 'buc', 34, 4);
INSERT INTO public.product (id, description, expiration_date, name, near_expiry_quantity, price, stock_quantity, unit_of_measure, brand_id, category_id) VALUES (254, 'Fructe si legume proaspete de la producatori locali.', '2026-02-22', 'Prune 100g', 0, 0.45, 130, '100g', 50, 5);
INSERT INTO public.product (id, description, expiration_date, name, near_expiry_quantity, price, stock_quantity, unit_of_measure, brand_id, category_id) VALUES (255, 'Fructe si legume proaspete de la producatori locali.', '2026-02-21', 'Cirese 100g', 0, 2.5, 132, '100g', 50, 5);
INSERT INTO public.product (id, description, expiration_date, name, near_expiry_quantity, price, stock_quantity, unit_of_measure, brand_id, category_id) VALUES (169, 'A delicious and high-quality product.', '2026-03-13', 'Ciocolata 100g', 84, 6.5, 84, 'buc', 35, 4);
INSERT INTO public.product (id, description, expiration_date, name, near_expiry_quantity, price, stock_quantity, unit_of_measure, brand_id, category_id) VALUES (252, 'Fructe si legume proaspete de la producatori locali.', '2026-02-26', 'Mere Granny Smith 100g', 0, 0.6, 368, '100g', 50, 5);
INSERT INTO public.product (id, description, expiration_date, name, near_expiry_quantity, price, stock_quantity, unit_of_measure, brand_id, category_id) VALUES (251, 'Fructe si legume proaspete de la producatori locali.', '2026-03-05', 'Mere Ionatan 100g', 0, 0.55, 455, '100g', 50, 5);
INSERT INTO public.product (id, description, expiration_date, name, near_expiry_quantity, price, stock_quantity, unit_of_measure, brand_id, category_id) VALUES (253, 'Fructe si legume proaspete de la producatori locali.', '2026-03-03', 'Pere 100g', 0, 0.85, 379, '100g', 50, 5);
INSERT INTO public.product (id, description, expiration_date, name, near_expiry_quantity, price, stock_quantity, unit_of_measure, brand_id, category_id) VALUES (264, 'Fructe si legume proaspete de la producatori locali.', '2026-03-03', 'Cartofi Albi 100g', 0, 0.35, 577, '100g', 50, 5);
INSERT INTO public.product (id, description, expiration_date, name, near_expiry_quantity, price, stock_quantity, unit_of_measure, brand_id, category_id) VALUES (273, 'Fructe si legume proaspete de la producatori locali.', '2026-03-05', 'Struguri 100g', 0, 1.5, 835, '100g', 50, 5);
INSERT INTO public.product (id, description, expiration_date, name, near_expiry_quantity, price, stock_quantity, unit_of_measure, brand_id, category_id) VALUES (161, 'A delicious and high-quality product.', '2026-03-19', 'Chipsuri Smantana 140g', 0, 7.5, 76, 'buc', 31, 4);
INSERT INTO public.product (id, description, expiration_date, name, near_expiry_quantity, price, stock_quantity, unit_of_measure, brand_id, category_id) VALUES (166, 'A delicious and high-quality product.', '2026-03-20', 'Ciocolata cu Alune 100g', 0, 6, 107, 'buc', 34, 4);
INSERT INTO public.product (id, description, expiration_date, name, near_expiry_quantity, price, stock_quantity, unit_of_measure, brand_id, category_id) VALUES (172, 'A delicious and high-quality product.', '2026-03-03', 'B-ready 132g', 0, 12, 63, 'buc', 36, 4);
INSERT INTO public.product (id, description, expiration_date, name, near_expiry_quantity, price, stock_quantity, unit_of_measure, brand_id, category_id) VALUES (261, 'Fructe si legume proaspete de la producatori locali.', '2026-02-27', 'Ceapa Galbena 100g', 0, 0.35, 2, '100g', 50, 5);
INSERT INTO public.product (id, description, expiration_date, name, near_expiry_quantity, price, stock_quantity, unit_of_measure, brand_id, category_id) VALUES (256, 'Fructe si legume proaspete de la producatori locali.', '2026-02-25', 'Capsuni 100g', 0, 1.8, 363, '100g', 50, 5);
INSERT INTO public.product (id, description, expiration_date, name, near_expiry_quantity, price, stock_quantity, unit_of_measure, brand_id, category_id) VALUES (259, 'Fructe si legume proaspete de la producatori locali.', '2026-02-18', 'Castraveti 100g', 0, 0.7, 1, '100g', 50, 5);
INSERT INTO public.product (id, description, expiration_date, name, near_expiry_quantity, price, stock_quantity, unit_of_measure, brand_id, category_id) VALUES (171, 'A delicious and high-quality product.', '2026-03-21', 'Crema de Alune 400g', 0, 16.5, 31, 'buc', 36, 4);
INSERT INTO public.product (id, description, expiration_date, name, near_expiry_quantity, price, stock_quantity, unit_of_measure, brand_id, category_id) VALUES (262, 'Fructe si legume proaspete de la producatori locali.', '2026-02-24', 'Ceapa Rosie 100g', 0, 0.45, 88, '100g', 50, 5);
INSERT INTO public.product (id, description, expiration_date, name, near_expiry_quantity, price, stock_quantity, unit_of_measure, brand_id, category_id) VALUES (263, 'Fructe si legume proaspete de la producatori locali.', '2026-02-21', 'Morcovi 100g', 0, 0.3, 0, '100g', 50, 5);
INSERT INTO public.product (id, description, expiration_date, name, near_expiry_quantity, price, stock_quantity, unit_of_measure, brand_id, category_id) VALUES (250, 'Fructe si legume proaspete de la producatori locali.', '2026-02-21', 'Banane 100g', 0, 0.7, 339, '100g', 50, 5);
INSERT INTO public.product (id, description, expiration_date, name, near_expiry_quantity, price, stock_quantity, unit_of_measure, brand_id, category_id) VALUES (265, 'Fructe si legume proaspete de la producatori locali.', '2026-02-25', 'Cartofi Rosii 100g', 0, 0.35, 0, '100g', 50, 5);
INSERT INTO public.product (id, description, expiration_date, name, near_expiry_quantity, price, stock_quantity, unit_of_measure, brand_id, category_id) VALUES (257, 'Fructe si legume proaspete de la producatori locali.', '2026-03-02', 'Rosii 100g', 0, 1, 0, '100g', 50, 5);
INSERT INTO public.product (id, description, expiration_date, name, near_expiry_quantity, price, stock_quantity, unit_of_measure, brand_id, category_id) VALUES (268, 'Fructe si legume proaspete de la producatori locali.', '2026-03-02', 'Salata Verde 100g', 0, 1.5, 441, '100g', 50, 5);
INSERT INTO public.product (id, description, expiration_date, name, near_expiry_quantity, price, stock_quantity, unit_of_measure, brand_id, category_id) VALUES (270, 'Fructe si legume proaspete de la producatori locali.', '2026-02-21', 'Piersici 100g', 0, 1.2, 889, '100g', 50, 5);
INSERT INTO public.product (id, description, expiration_date, name, near_expiry_quantity, price, stock_quantity, unit_of_measure, brand_id, category_id) VALUES (271, 'Fructe si legume proaspete de la producatori locali.', '2026-02-23', 'Pepene 100g', 0, 0.8, 790, '100g', 50, 5);
INSERT INTO public.product (id, description, expiration_date, name, near_expiry_quantity, price, stock_quantity, unit_of_measure, brand_id, category_id) VALUES (258, 'Fructe si legume proaspete de la producatori locali.', '2026-02-22', 'Rosii Cherry 100g', 0, 1.5, 0, '100g', 50, 5);
INSERT INTO public.product (id, description, expiration_date, name, near_expiry_quantity, price, stock_quantity, unit_of_measure, brand_id, category_id) VALUES (175, 'A delicious and high-quality product.', '2026-03-15', 'Biscuiti Original 154g', 0, 5.5, 118, 'buc', 39, 4);
INSERT INTO public.product (id, description, expiration_date, name, near_expiry_quantity, price, stock_quantity, unit_of_measure, brand_id, category_id) VALUES (194, 'A delicious and high-quality product.', '2026-03-15', 'Ketchup Dulce 400g', 0, 12, 48, 'buc', 47, 5);
INSERT INTO public.product (id, description, expiration_date, name, near_expiry_quantity, price, stock_quantity, unit_of_measure, brand_id, category_id) VALUES (177, 'A delicious and high-quality product.', '2026-03-19', 'Lapte 1.5% 1L', 0, 7.5, 81, 'buc', 40, 6);
INSERT INTO public.product (id, description, expiration_date, name, near_expiry_quantity, price, stock_quantity, unit_of_measure, brand_id, category_id) VALUES (178, 'A delicious and high-quality product.', '2026-03-05', 'Lapte 3.5% 1L', 0, 8.5, 76, 'buc', 40, 6);
INSERT INTO public.product (id, description, expiration_date, name, near_expiry_quantity, price, stock_quantity, unit_of_measure, brand_id, category_id) VALUES (158, 'A delicious and high-quality product.', '2026-03-10', 'Chipsuri Original 165g', 49, 12.5, 49, 'buc', 30, 4);
INSERT INTO public.product (id, description, expiration_date, name, near_expiry_quantity, price, stock_quantity, unit_of_measure, brand_id, category_id) VALUES (266, 'Fructe si legume proaspete de la producatori locali.', '2026-03-02', 'Usturoi 100g', 0, 2, 221, '100g', 50, 5);
INSERT INTO public.product (id, description, expiration_date, name, near_expiry_quantity, price, stock_quantity, unit_of_measure, brand_id, category_id) VALUES (267, 'Fructe si legume proaspete de la producatori locali.', '2026-02-25', 'Varza Alba 100g', 0, 0.3, 0, '100g', 50, 5);
INSERT INTO public.product (id, description, expiration_date, name, near_expiry_quantity, price, stock_quantity, unit_of_measure, brand_id, category_id) VALUES (269, 'Fructe si legume proaspete de la producatori locali.', '2026-02-23', 'Fructe de Padure 100g', 0, 3, 174, '100g', 50, 5);
INSERT INTO public.product (id, description, expiration_date, name, near_expiry_quantity, price, stock_quantity, unit_of_measure, brand_id, category_id) VALUES (163, 'A delicious and high-quality product.', '2026-03-14', 'Croissant Vanilie 80g', 10, 3.5, 45, 'buc', 32, 7);
INSERT INTO public.product (id, description, expiration_date, name, near_expiry_quantity, price, stock_quantity, unit_of_measure, brand_id, category_id) VALUES (176, 'A delicious and high-quality product.', '2026-03-05', 'Biscuiti Double Creme 157g', 0, 6.5, 41, 'buc', 39, 4);
INSERT INTO public.product (id, description, expiration_date, name, near_expiry_quantity, price, stock_quantity, unit_of_measure, brand_id, category_id) VALUES (183, 'A delicious and high-quality product.', '2026-03-05', 'Activia Natur 140g', 0, 3, 102, 'buc', 42, 6);
INSERT INTO public.product (id, description, expiration_date, name, near_expiry_quantity, price, stock_quantity, unit_of_measure, brand_id, category_id) VALUES (162, 'A delicious and high-quality product.', '2026-03-15', 'Croissant Cacao 80g', 0, 3.5, 101, 'buc', 32, 7);
INSERT INTO public.product (id, description, expiration_date, name, near_expiry_quantity, price, stock_quantity, unit_of_measure, brand_id, category_id) VALUES (281, 'ceva', '2026-03-03', 'test', 0, 5, 20, 'buc', 33, 2);
INSERT INTO public.product (id, description, expiration_date, name, near_expiry_quantity, price, stock_quantity, unit_of_measure, brand_id, category_id) VALUES (182, 'A delicious and high-quality product.', '2026-03-15', 'Iaurt Natur 140g', 0, 2.5, 29, 'buc', 41, 6);
INSERT INTO public.product (id, description, expiration_date, name, near_expiry_quantity, price, stock_quantity, unit_of_measure, brand_id, category_id) VALUES (148, 'A delicious and high-quality product.', '2026-03-20', 'Apa Plata 1.5L', 0, 3.2, 98, 'buc', 25, 2);
INSERT INTO public.product (id, description, expiration_date, name, near_expiry_quantity, price, stock_quantity, unit_of_measure, brand_id, category_id) VALUES (149, 'A delicious and high-quality product.', '2026-03-02', 'Apa Minerala 1.5L', 0, 3.2, 16, 'buc', 25, 2);
INSERT INTO public.product (id, description, expiration_date, name, near_expiry_quantity, price, stock_quantity, unit_of_measure, brand_id, category_id) VALUES (151, 'A delicious and high-quality product.', '2026-03-02', 'Apa Minerala 1.5L', 0, 3.9, 31, 'buc', 26, 2);
INSERT INTO public.product (id, description, expiration_date, name, near_expiry_quantity, price, stock_quantity, unit_of_measure, brand_id, category_id) VALUES (152, 'A delicious and high-quality product.', '2026-03-08', 'Ice Tea Piersica 1.5L', 109, 7.5, 109, 'buc', 27, 2);
INSERT INTO public.product (id, description, expiration_date, name, near_expiry_quantity, price, stock_quantity, unit_of_measure, brand_id, category_id) VALUES (153, 'A delicious and high-quality product.', '2026-03-11', 'Ice Tea Lamaie 1.5L', 48, 7.5, 48, 'buc', 27, 2);
INSERT INTO public.product (id, description, expiration_date, name, near_expiry_quantity, price, stock_quantity, unit_of_measure, brand_id, category_id) VALUES (170, 'A delicious and high-quality product.', '2026-03-13', 'Surprise 20g', 115, 5, 115, 'buc', 35, 4);
INSERT INTO public.product (id, description, expiration_date, name, near_expiry_quantity, price, stock_quantity, unit_of_measure, brand_id, category_id) VALUES (137, 'A delicious and high-quality product.', '2026-08-08', 'Coca-Cola Original 2L', 0, 10.5, 55, 'buc', 21, 2);
INSERT INTO public.product (id, description, expiration_date, name, near_expiry_quantity, price, stock_quantity, unit_of_measure, brand_id, category_id) VALUES (191, 'A delicious and high-quality product.', '2026-02-23', 'Fusilli 500g', 0, 7.5, 97, 'buc', 45, 1);
INSERT INTO public.product (id, description, expiration_date, name, near_expiry_quantity, price, stock_quantity, unit_of_measure, brand_id, category_id) VALUES (189, 'A delicious and high-quality product.', '2026-02-22', 'Penne Rigate 500g', 0, 7.5, 74, 'buc', 45, 1);
INSERT INTO public.product (id, description, expiration_date, name, near_expiry_quantity, price, stock_quantity, unit_of_measure, brand_id, category_id) VALUES (190, 'A delicious and high-quality product.', '2026-03-02', 'Spaghetti 500g', 0, 7.5, 38, 'buc', 45, 1);
INSERT INTO public.product (id, description, expiration_date, name, near_expiry_quantity, price, stock_quantity, unit_of_measure, brand_id, category_id) VALUES (143, 'A delicious and high-quality product.', '2026-02-22', 'Mirinda 2L', 0, 8, 34, 'buc', 22, 2);
INSERT INTO public.product (id, description, expiration_date, name, near_expiry_quantity, price, stock_quantity, unit_of_measure, brand_id, category_id) VALUES (180, 'A delicious and high-quality product.', '2026-02-22', 'Telemea Vaca 350g', 0, 22, 0, 'buc', 40, 6);
INSERT INTO public.product (id, description, expiration_date, name, near_expiry_quantity, price, stock_quantity, unit_of_measure, brand_id, category_id) VALUES (157, 'A delicious and high-quality product.', '2026-02-25', 'Chipsuri Cascaval 140g', 0, 8.5, 54, 'buc', 29, 4);
INSERT INTO public.product (id, description, expiration_date, name, near_expiry_quantity, price, stock_quantity, unit_of_measure, brand_id, category_id) VALUES (159, 'A delicious and high-quality product.', '2026-03-01', 'Chipsuri Sour Cream & Onion 165g', 0, 12.5, 112, 'buc', 30, 4);
INSERT INTO public.product (id, description, expiration_date, name, near_expiry_quantity, price, stock_quantity, unit_of_measure, brand_id, category_id) VALUES (165, 'A delicious and high-quality product.', '2026-02-23', 'Ciocolata cu Lapte 100g', 0, 5.5, 0, 'buc', 34, 4);
INSERT INTO public.product (id, description, expiration_date, name, near_expiry_quantity, price, stock_quantity, unit_of_measure, brand_id, category_id) VALUES (181, 'A delicious and high-quality product.', '2026-02-23', 'Lapte 1.5% 1L', 0, 7, 0, 'buc', 41, 6);
INSERT INTO public.product (id, description, expiration_date, name, near_expiry_quantity, price, stock_quantity, unit_of_measure, brand_id, category_id) VALUES (173, 'A delicious and high-quality product.', '2026-02-24', 'Baton Ciocolata 50g', 0, 3.5, 0, 'buc', 37, 4);
INSERT INTO public.product (id, description, expiration_date, name, near_expiry_quantity, price, stock_quantity, unit_of_measure, brand_id, category_id) VALUES (139, 'A delicious and high-quality product.', '2026-08-04', 'Fanta Portocale 2L', 0, 9, 3, 'buc', 21, 2);
INSERT INTO public.product (id, description, expiration_date, name, near_expiry_quantity, price, stock_quantity, unit_of_measure, brand_id, category_id) VALUES (192, 'A delicious and high-quality product.', '2026-03-12', 'Faina Alba 000 1kg', 60, 4.5, 60, 'buc', 46, 1);
INSERT INTO public.product (id, description, expiration_date, name, near_expiry_quantity, price, stock_quantity, unit_of_measure, brand_id, category_id) VALUES (141, 'A delicious and high-quality product.', '2026-03-11', 'Pepsi Cola 2L', 61, 8.5, 61, 'buc', 22, 2);
INSERT INTO public.product (id, description, expiration_date, name, near_expiry_quantity, price, stock_quantity, unit_of_measure, brand_id, category_id) VALUES (147, 'A delicious and high-quality product.', '2026-03-12', 'Apa Plata 2L', 84, 3.4, 84, 'buc', 24, 2);
INSERT INTO public.product (id, description, expiration_date, name, near_expiry_quantity, price, stock_quantity, unit_of_measure, brand_id, category_id) VALUES (155, 'A delicious and high-quality product.', '2026-03-12', 'Chipsuri cu Sare 140g', 75, 8.5, 75, 'buc', 29, 4);
INSERT INTO public.product (id, description, expiration_date, name, near_expiry_quantity, price, stock_quantity, unit_of_measure, brand_id, category_id) VALUES (187, 'A delicious and high-quality product.', '2026-03-02', 'Unt 82% 200g', 0, 15.5, 0, 'buc', 44, 6);
INSERT INTO public.product (id, description, expiration_date, name, near_expiry_quantity, price, stock_quantity, unit_of_measure, brand_id, category_id) VALUES (188, 'A delicious and high-quality product.', '2026-03-02', 'Camembert 250g', 0, 19, 0, 'buc', 44, 6);
INSERT INTO public.product (id, description, expiration_date, name, near_expiry_quantity, price, stock_quantity, unit_of_measure, brand_id, category_id) VALUES (138, 'A delicious and high-quality product.', '2026-06-06', 'Coca-Cola Zero 2L', 82, 9.5, 224, 'buc', 21, 2);
INSERT INTO public.product (id, description, expiration_date, name, near_expiry_quantity, price, stock_quantity, unit_of_measure, brand_id, category_id) VALUES (142, 'A delicious and high-quality product.', '2026-03-22', 'Pepsi Max 2L', 0, 8.5, 37, 'buc', 22, 2);
INSERT INTO public.product (id, description, expiration_date, name, near_expiry_quantity, price, stock_quantity, unit_of_measure, brand_id, category_id) VALUES (144, 'A delicious and high-quality product.', '2026-03-18', 'Apa Minerala 1.5L', 0, 3.5, 104, 'buc', 23, 2);
INSERT INTO public.product (id, description, expiration_date, name, near_expiry_quantity, price, stock_quantity, unit_of_measure, brand_id, category_id) VALUES (224, 'A delicious and high-quality product.', '2026-03-04', 'Paine de Casa cu Maia 500g', 0, 8, 94, 'buc', 50, 1);
INSERT INTO public.product (id, description, expiration_date, name, near_expiry_quantity, price, stock_quantity, unit_of_measure, brand_id, category_id) VALUES (222, 'A delicious and high-quality product.', '2026-03-21', 'Miere Poliflora 500g', 0, 25, 32, 'buc', 50, 4);
INSERT INTO public.product (id, description, expiration_date, name, near_expiry_quantity, price, stock_quantity, unit_of_measure, brand_id, category_id) VALUES (195, 'A delicious and high-quality product.', '2026-03-21', 'Ketchup Picant 400g', 0, 12.5, 64, 'buc', 47, 5);
INSERT INTO public.product (id, description, expiration_date, name, near_expiry_quantity, price, stock_quantity, unit_of_measure, brand_id, category_id) VALUES (205, 'A delicious and high-quality product.', '2026-03-05', 'Rosii Cherry 250g', 0, 8, 70, 'buc', 50, 5);
INSERT INTO public.product (id, description, expiration_date, name, near_expiry_quantity, price, stock_quantity, unit_of_measure, brand_id, category_id) VALUES (217, 'A delicious and high-quality product.', '2026-03-17', 'Oua Proaspete L 30buc', 0, 32, 117, 'buc', 50, 6);
INSERT INTO public.product (id, description, expiration_date, name, near_expiry_quantity, price, stock_quantity, unit_of_measure, brand_id, category_id) VALUES (219, 'A delicious and high-quality product.', '2026-03-20', 'Branza de Burduf 300g', 0, 25, 114, 'buc', 50, 6);
INSERT INTO public.product (id, description, expiration_date, name, near_expiry_quantity, price, stock_quantity, unit_of_measure, brand_id, category_id) VALUES (220, 'A delicious and high-quality product.', '2026-03-17', 'Cascaval de Casa 300g', 0, 22, 78, 'buc', 50, 6);
INSERT INTO public.product (id, description, expiration_date, name, near_expiry_quantity, price, stock_quantity, unit_of_measure, brand_id, category_id) VALUES (221, 'A delicious and high-quality product.', '2026-03-15', 'Telemea de Oaie 400g', 0, 30, 94, 'buc', 50, 6);
INSERT INTO public.product (id, description, expiration_date, name, near_expiry_quantity, price, stock_quantity, unit_of_measure, brand_id, category_id) VALUES (279, NULL, NULL, 'test product', 0, 3, 10, 'buc', 34, 2);
INSERT INTO public.product (id, description, expiration_date, name, near_expiry_quantity, price, stock_quantity, unit_of_measure, brand_id, category_id) VALUES (223, 'A delicious and high-quality product.', '2026-03-06', 'Miere Salcam 500g', 107, 35, 107, 'buc', 50, 4);
INSERT INTO public.product (id, description, expiration_date, name, near_expiry_quantity, price, stock_quantity, unit_of_measure, brand_id, category_id) VALUES (196, 'A delicious and high-quality product.', '2026-03-13', 'Maioneza Original 400ml', 22, 14, 22, 'buc', 48, 6);
INSERT INTO public.product (id, description, expiration_date, name, near_expiry_quantity, price, stock_quantity, unit_of_measure, brand_id, category_id) VALUES (197, 'A delicious and high-quality product.', '2026-02-21', 'Pulpa de Rosii 400g', 0, 6.5, 92, 'buc', 49, 5);
INSERT INTO public.product (id, description, expiration_date, name, near_expiry_quantity, price, stock_quantity, unit_of_measure, brand_id, category_id) VALUES (225, 'A delicious and high-quality product.', '2026-02-28', 'Cozonac cu Nuca 500g', 0, 45, 105, 'buc', 50, 7);
INSERT INTO public.product (id, description, expiration_date, name, near_expiry_quantity, price, stock_quantity, unit_of_measure, brand_id, category_id) VALUES (216, 'A delicious and high-quality product.', '2026-02-23', 'Oua Proaspete M 10buc', 0, 12, 33, 'buc', 50, 6);
INSERT INTO public.product_batch (id, quantity, expiration_date, product_id) VALUES (1, 25, '2026-04-06', 156);
INSERT INTO public.product_batch (id, quantity, expiration_date, product_id) VALUES (2, 3, '2026-04-06', 272);
INSERT INTO public.product_batch (id, quantity, expiration_date, product_id) VALUES (3, 90, '2026-04-06', 164);
INSERT INTO public.product_batch (id, quantity, expiration_date, product_id) VALUES (4, 43, '2026-03-09', 160);
INSERT INTO public.product_batch (id, quantity, expiration_date, product_id) VALUES (5, 116, '2026-03-10', 167);
INSERT INTO public.product_batch (id, quantity, expiration_date, product_id) VALUES (6, 130, '2026-04-06', 254);
INSERT INTO public.product_batch (id, quantity, expiration_date, product_id) VALUES (7, 132, '2026-04-06', 255);
INSERT INTO public.product_batch (id, quantity, expiration_date, product_id) VALUES (8, 84, '2026-03-13', 169);
INSERT INTO public.product_batch (id, quantity, expiration_date, product_id) VALUES (9, 368, '2026-04-06', 252);
INSERT INTO public.product_batch (id, quantity, expiration_date, product_id) VALUES (10, 455, '2026-04-06', 251);
INSERT INTO public.product_batch (id, quantity, expiration_date, product_id) VALUES (11, 379, '2026-04-06', 253);
INSERT INTO public.product_batch (id, quantity, expiration_date, product_id) VALUES (12, 577, '2026-04-06', 264);
INSERT INTO public.product_batch (id, quantity, expiration_date, product_id) VALUES (13, 835, '2026-04-06', 273);
INSERT INTO public.product_batch (id, quantity, expiration_date, product_id) VALUES (14, 76, '2026-04-06', 161);
INSERT INTO public.product_batch (id, quantity, expiration_date, product_id) VALUES (15, 107, '2026-04-06', 166);
INSERT INTO public.product_batch (id, quantity, expiration_date, product_id) VALUES (16, 63, '2026-04-06', 172);
INSERT INTO public.product_batch (id, quantity, expiration_date, product_id) VALUES (17, 2, '2026-04-06', 261);
INSERT INTO public.product_batch (id, quantity, expiration_date, product_id) VALUES (18, 363, '2026-04-06', 256);
INSERT INTO public.product_batch (id, quantity, expiration_date, product_id) VALUES (19, 1, '2026-04-06', 259);
INSERT INTO public.product_batch (id, quantity, expiration_date, product_id) VALUES (20, 31, '2026-04-06', 171);
INSERT INTO public.product_batch (id, quantity, expiration_date, product_id) VALUES (21, 88, '2026-04-06', 262);
INSERT INTO public.product_batch (id, quantity, expiration_date, product_id) VALUES (22, 339, '2026-04-06', 250);
INSERT INTO public.product_batch (id, quantity, expiration_date, product_id) VALUES (23, 441, '2026-04-06', 268);
INSERT INTO public.product_batch (id, quantity, expiration_date, product_id) VALUES (24, 889, '2026-04-06', 270);
INSERT INTO public.product_batch (id, quantity, expiration_date, product_id) VALUES (25, 790, '2026-04-06', 271);
INSERT INTO public.product_batch (id, quantity, expiration_date, product_id) VALUES (26, 118, '2026-04-06', 175);
INSERT INTO public.product_batch (id, quantity, expiration_date, product_id) VALUES (27, 48, '2026-04-06', 194);
INSERT INTO public.product_batch (id, quantity, expiration_date, product_id) VALUES (28, 81, '2026-04-06', 177);
INSERT INTO public.product_batch (id, quantity, expiration_date, product_id) VALUES (29, 76, '2026-04-06', 178);
INSERT INTO public.product_batch (id, quantity, expiration_date, product_id) VALUES (30, 49, '2026-03-10', 158);
INSERT INTO public.product_batch (id, quantity, expiration_date, product_id) VALUES (31, 221, '2026-04-06', 266);
INSERT INTO public.product_batch (id, quantity, expiration_date, product_id) VALUES (32, 174, '2026-04-06', 269);
INSERT INTO public.product_batch (id, quantity, expiration_date, product_id) VALUES (33, 10, '2026-03-14', 163);
INSERT INTO public.product_batch (id, quantity, expiration_date, product_id) VALUES (34, 35, '2026-04-06', 163);
INSERT INTO public.product_batch (id, quantity, expiration_date, product_id) VALUES (35, 41, '2026-04-06', 176);
INSERT INTO public.product_batch (id, quantity, expiration_date, product_id) VALUES (36, 102, '2026-04-06', 183);
INSERT INTO public.product_batch (id, quantity, expiration_date, product_id) VALUES (37, 101, '2026-04-06', 162);
INSERT INTO public.product_batch (id, quantity, expiration_date, product_id) VALUES (38, 20, '2026-04-06', 281);
INSERT INTO public.product_batch (id, quantity, expiration_date, product_id) VALUES (39, 29, '2026-04-06', 182);
INSERT INTO public.product_batch (id, quantity, expiration_date, product_id) VALUES (40, 98, '2026-04-06', 148);
INSERT INTO public.product_batch (id, quantity, expiration_date, product_id) VALUES (41, 16, '2026-04-06', 149);
INSERT INTO public.product_batch (id, quantity, expiration_date, product_id) VALUES (42, 31, '2026-04-06', 151);
INSERT INTO public.product_batch (id, quantity, expiration_date, product_id) VALUES (43, 109, '2026-03-08', 152);
INSERT INTO public.product_batch (id, quantity, expiration_date, product_id) VALUES (44, 48, '2026-03-11', 153);
INSERT INTO public.product_batch (id, quantity, expiration_date, product_id) VALUES (45, 115, '2026-03-13', 170);
INSERT INTO public.product_batch (id, quantity, expiration_date, product_id) VALUES (46, 55, '2026-04-06', 137);
INSERT INTO public.product_batch (id, quantity, expiration_date, product_id) VALUES (47, 97, '2026-04-06', 191);
INSERT INTO public.product_batch (id, quantity, expiration_date, product_id) VALUES (48, 74, '2026-04-06', 189);
INSERT INTO public.product_batch (id, quantity, expiration_date, product_id) VALUES (49, 38, '2026-04-06', 190);
INSERT INTO public.product_batch (id, quantity, expiration_date, product_id) VALUES (50, 34, '2026-04-06', 143);
INSERT INTO public.product_batch (id, quantity, expiration_date, product_id) VALUES (51, 54, '2026-04-06', 157);
INSERT INTO public.product_batch (id, quantity, expiration_date, product_id) VALUES (52, 112, '2026-04-06', 159);
INSERT INTO public.product_batch (id, quantity, expiration_date, product_id) VALUES (53, 3, '2026-04-06', 139);
INSERT INTO public.product_batch (id, quantity, expiration_date, product_id) VALUES (54, 60, '2026-03-12', 192);
INSERT INTO public.product_batch (id, quantity, expiration_date, product_id) VALUES (55, 61, '2026-03-11', 141);
INSERT INTO public.product_batch (id, quantity, expiration_date, product_id) VALUES (56, 84, '2026-03-12', 147);
INSERT INTO public.product_batch (id, quantity, expiration_date, product_id) VALUES (57, 75, '2026-03-12', 155);
INSERT INTO public.product_batch (id, quantity, expiration_date, product_id) VALUES (58, 82, '2026-06-06', 138);
INSERT INTO public.product_batch (id, quantity, expiration_date, product_id) VALUES (59, 142, '2026-04-06', 138);
INSERT INTO public.product_batch (id, quantity, expiration_date, product_id) VALUES (60, 37, '2026-04-06', 142);
INSERT INTO public.product_batch (id, quantity, expiration_date, product_id) VALUES (61, 104, '2026-04-06', 144);
INSERT INTO public.product_batch (id, quantity, expiration_date, product_id) VALUES (62, 94, '2026-04-06', 224);
INSERT INTO public.product_batch (id, quantity, expiration_date, product_id) VALUES (63, 32, '2026-04-06', 222);
INSERT INTO public.product_batch (id, quantity, expiration_date, product_id) VALUES (64, 64, '2026-04-06', 195);
INSERT INTO public.product_batch (id, quantity, expiration_date, product_id) VALUES (65, 70, '2026-04-06', 205);
INSERT INTO public.product_batch (id, quantity, expiration_date, product_id) VALUES (66, 117, '2026-04-06', 217);
INSERT INTO public.product_batch (id, quantity, expiration_date, product_id) VALUES (67, 114, '2026-04-06', 219);
INSERT INTO public.product_batch (id, quantity, expiration_date, product_id) VALUES (68, 78, '2026-04-06', 220);
INSERT INTO public.product_batch (id, quantity, expiration_date, product_id) VALUES (69, 94, '2026-04-06', 221);
INSERT INTO public.product_batch (id, quantity, expiration_date, product_id) VALUES (70, 10, '2026-04-06', 279);
INSERT INTO public.product_batch (id, quantity, expiration_date, product_id) VALUES (71, 107, '2026-03-06', 223);
INSERT INTO public.product_batch (id, quantity, expiration_date, product_id) VALUES (72, 22, '2026-03-13', 196);
INSERT INTO public.product_batch (id, quantity, expiration_date, product_id) VALUES (73, 92, '2026-04-06', 197);
INSERT INTO public.product_batch (id, quantity, expiration_date, product_id) VALUES (74, 105, '2026-04-06', 225);
INSERT INTO public.product_batch (id, quantity, expiration_date, product_id) VALUES (75, 33, '2026-04-06', 216);
INSERT INTO public.discount (id, discount_end_date, discount_start_date, discount_type, discount_value, product_id) VALUES (5, '2026-12-31 23:59:59.000000 +00:00', '2026-01-01 00:00:00.000000 +00:00', 'PERCENT', 1, 163);
INSERT INTO public.product_attribute (id, name, value, product_id) VALUES (37, 'Calories', '237 kcal', 137);
INSERT INTO public.product_attribute (id, name, value, product_id) VALUES (38, 'Carbs', '2 g', 137);
INSERT INTO public.product_attribute (id, name, value, product_id) VALUES (39, 'Proteins', '9 g', 137);
INSERT INTO public.product_attribute (id, name, value, product_id) VALUES (40, 'Fats', '23 g', 137);
INSERT INTO public.product_attribute (id, name, value, product_id) VALUES (41, 'Calories', '149 kcal', 138);
INSERT INTO public.product_attribute (id, name, value, product_id) VALUES (42, 'Carbs', '4 g', 138);
INSERT INTO public.product_attribute (id, name, value, product_id) VALUES (43, 'Proteins', '17 g', 138);
INSERT INTO public.product_attribute (id, name, value, product_id) VALUES (44, 'Fats', '24 g', 138);
INSERT INTO public.product_attribute (id, name, value, product_id) VALUES (45, 'Calories', '126 kcal', 139);
INSERT INTO public.product_attribute (id, name, value, product_id) VALUES (46, 'Carbs', '13 g', 139);
INSERT INTO public.product_attribute (id, name, value, product_id) VALUES (47, 'Proteins', '6 g', 139);
INSERT INTO public.product_attribute (id, name, value, product_id) VALUES (48, 'Fats', '19 g', 139);
INSERT INTO public.product_attribute (id, name, value, product_id) VALUES (53, 'Calories', '202 kcal', 141);
INSERT INTO public.product_attribute (id, name, value, product_id) VALUES (54, 'Carbs', '21 g', 141);
INSERT INTO public.product_attribute (id, name, value, product_id) VALUES (55, 'Proteins', '14 g', 141);
INSERT INTO public.product_attribute (id, name, value, product_id) VALUES (56, 'Fats', '3 g', 141);
INSERT INTO public.product_attribute (id, name, value, product_id) VALUES (57, 'Calories', '78 kcal', 142);
INSERT INTO public.product_attribute (id, name, value, product_id) VALUES (58, 'Carbs', '14 g', 142);
INSERT INTO public.product_attribute (id, name, value, product_id) VALUES (59, 'Proteins', '14 g', 142);
INSERT INTO public.product_attribute (id, name, value, product_id) VALUES (60, 'Fats', '6 g', 142);
INSERT INTO public.product_attribute (id, name, value, product_id) VALUES (61, 'Calories', '78 kcal', 143);
INSERT INTO public.product_attribute (id, name, value, product_id) VALUES (62, 'Carbs', '43 g', 143);
INSERT INTO public.product_attribute (id, name, value, product_id) VALUES (63, 'Proteins', '20 g', 143);
INSERT INTO public.product_attribute (id, name, value, product_id) VALUES (64, 'Fats', '23 g', 143);
INSERT INTO public.product_attribute (id, name, value, product_id) VALUES (65, 'Calories', '303 kcal', 144);
INSERT INTO public.product_attribute (id, name, value, product_id) VALUES (66, 'Carbs', '50 g', 144);
INSERT INTO public.product_attribute (id, name, value, product_id) VALUES (67, 'Proteins', '2 g', 144);
INSERT INTO public.product_attribute (id, name, value, product_id) VALUES (68, 'Fats', '3 g', 144);
INSERT INTO public.product_attribute (id, name, value, product_id) VALUES (77, 'Calories', '107 kcal', 147);
INSERT INTO public.product_attribute (id, name, value, product_id) VALUES (78, 'Carbs', '11 g', 147);
INSERT INTO public.product_attribute (id, name, value, product_id) VALUES (79, 'Proteins', '20 g', 147);
INSERT INTO public.product_attribute (id, name, value, product_id) VALUES (80, 'Fats', '20 g', 147);
INSERT INTO public.product_attribute (id, name, value, product_id) VALUES (81, 'Calories', '345 kcal', 148);
INSERT INTO public.product_attribute (id, name, value, product_id) VALUES (82, 'Carbs', '29 g', 148);
INSERT INTO public.product_attribute (id, name, value, product_id) VALUES (83, 'Proteins', '16 g', 148);
INSERT INTO public.product_attribute (id, name, value, product_id) VALUES (84, 'Fats', '23 g', 148);
INSERT INTO public.product_attribute (id, name, value, product_id) VALUES (85, 'Calories', '126 kcal', 149);
INSERT INTO public.product_attribute (id, name, value, product_id) VALUES (86, 'Carbs', '6 g', 149);
INSERT INTO public.product_attribute (id, name, value, product_id) VALUES (87, 'Proteins', '7 g', 149);
INSERT INTO public.product_attribute (id, name, value, product_id) VALUES (88, 'Fats', '12 g', 149);
INSERT INTO public.product_attribute (id, name, value, product_id) VALUES (93, 'Calories', '36 kcal', 151);
INSERT INTO public.product_attribute (id, name, value, product_id) VALUES (94, 'Carbs', '39 g', 151);
INSERT INTO public.product_attribute (id, name, value, product_id) VALUES (95, 'Proteins', '7 g', 151);
INSERT INTO public.product_attribute (id, name, value, product_id) VALUES (96, 'Fats', '24 g', 151);
INSERT INTO public.product_attribute (id, name, value, product_id) VALUES (97, 'Calories', '63 kcal', 152);
INSERT INTO public.product_attribute (id, name, value, product_id) VALUES (98, 'Carbs', '27 g', 152);
INSERT INTO public.product_attribute (id, name, value, product_id) VALUES (99, 'Proteins', '6 g', 152);
INSERT INTO public.product_attribute (id, name, value, product_id) VALUES (100, 'Fats', '19 g', 152);
INSERT INTO public.product_attribute (id, name, value, product_id) VALUES (101, 'Calories', '75 kcal', 153);
INSERT INTO public.product_attribute (id, name, value, product_id) VALUES (102, 'Carbs', '19 g', 153);
INSERT INTO public.product_attribute (id, name, value, product_id) VALUES (103, 'Proteins', '1 g', 153);
INSERT INTO public.product_attribute (id, name, value, product_id) VALUES (104, 'Fats', '11 g', 153);
INSERT INTO public.product_attribute (id, name, value, product_id) VALUES (109, 'Calories', '134 kcal', 155);
INSERT INTO public.product_attribute (id, name, value, product_id) VALUES (110, 'Carbs', '27 g', 155);
INSERT INTO public.product_attribute (id, name, value, product_id) VALUES (111, 'Proteins', '19 g', 155);
INSERT INTO public.product_attribute (id, name, value, product_id) VALUES (112, 'Fats', '3 g', 155);
INSERT INTO public.product_attribute (id, name, value, product_id) VALUES (113, 'Calories', '219 kcal', 156);
INSERT INTO public.product_attribute (id, name, value, product_id) VALUES (114, 'Carbs', '26 g', 156);
INSERT INTO public.product_attribute (id, name, value, product_id) VALUES (115, 'Proteins', '7 g', 156);
INSERT INTO public.product_attribute (id, name, value, product_id) VALUES (116, 'Fats', '13 g', 156);
INSERT INTO public.product_attribute (id, name, value, product_id) VALUES (117, 'Calories', '46 kcal', 157);
INSERT INTO public.product_attribute (id, name, value, product_id) VALUES (118, 'Carbs', '3 g', 157);
INSERT INTO public.product_attribute (id, name, value, product_id) VALUES (119, 'Proteins', '13 g', 157);
INSERT INTO public.product_attribute (id, name, value, product_id) VALUES (120, 'Fats', '12 g', 157);
INSERT INTO public.product_attribute (id, name, value, product_id) VALUES (121, 'Calories', '247 kcal', 158);
INSERT INTO public.product_attribute (id, name, value, product_id) VALUES (122, 'Carbs', '39 g', 158);
INSERT INTO public.product_attribute (id, name, value, product_id) VALUES (123, 'Proteins', '13 g', 158);
INSERT INTO public.product_attribute (id, name, value, product_id) VALUES (124, 'Fats', '13 g', 158);
INSERT INTO public.product_attribute (id, name, value, product_id) VALUES (125, 'Calories', '235 kcal', 159);
INSERT INTO public.product_attribute (id, name, value, product_id) VALUES (126, 'Carbs', '18 g', 159);
INSERT INTO public.product_attribute (id, name, value, product_id) VALUES (127, 'Proteins', '20 g', 159);
INSERT INTO public.product_attribute (id, name, value, product_id) VALUES (128, 'Fats', '0 g', 159);
INSERT INTO public.product_attribute (id, name, value, product_id) VALUES (129, 'Calories', '150 kcal', 160);
INSERT INTO public.product_attribute (id, name, value, product_id) VALUES (130, 'Carbs', '4 g', 160);
INSERT INTO public.product_attribute (id, name, value, product_id) VALUES (131, 'Proteins', '18 g', 160);
INSERT INTO public.product_attribute (id, name, value, product_id) VALUES (132, 'Fats', '13 g', 160);
INSERT INTO public.product_attribute (id, name, value, product_id) VALUES (133, 'Calories', '319 kcal', 161);
INSERT INTO public.product_attribute (id, name, value, product_id) VALUES (134, 'Carbs', '31 g', 161);
INSERT INTO public.product_attribute (id, name, value, product_id) VALUES (135, 'Proteins', '16 g', 161);
INSERT INTO public.product_attribute (id, name, value, product_id) VALUES (136, 'Fats', '19 g', 161);
INSERT INTO public.product_attribute (id, name, value, product_id) VALUES (137, 'Calories', '189 kcal', 162);
INSERT INTO public.product_attribute (id, name, value, product_id) VALUES (138, 'Carbs', '19 g', 162);
INSERT INTO public.product_attribute (id, name, value, product_id) VALUES (139, 'Proteins', '7 g', 162);
INSERT INTO public.product_attribute (id, name, value, product_id) VALUES (140, 'Fats', '21 g', 162);
INSERT INTO public.product_attribute (id, name, value, product_id) VALUES (141, 'Calories', '314 kcal', 163);
INSERT INTO public.product_attribute (id, name, value, product_id) VALUES (142, 'Carbs', '15 g', 163);
INSERT INTO public.product_attribute (id, name, value, product_id) VALUES (143, 'Proteins', '6 g', 163);
INSERT INTO public.product_attribute (id, name, value, product_id) VALUES (144, 'Fats', '3 g', 163);
INSERT INTO public.product_attribute (id, name, value, product_id) VALUES (145, 'Calories', '205 kcal', 164);
INSERT INTO public.product_attribute (id, name, value, product_id) VALUES (146, 'Carbs', '3 g', 164);
INSERT INTO public.product_attribute (id, name, value, product_id) VALUES (147, 'Proteins', '20 g', 164);
INSERT INTO public.product_attribute (id, name, value, product_id) VALUES (148, 'Fats', '5 g', 164);
INSERT INTO public.product_attribute (id, name, value, product_id) VALUES (149, 'Calories', '317 kcal', 165);
INSERT INTO public.product_attribute (id, name, value, product_id) VALUES (150, 'Carbs', '41 g', 165);
INSERT INTO public.product_attribute (id, name, value, product_id) VALUES (151, 'Proteins', '7 g', 165);
INSERT INTO public.product_attribute (id, name, value, product_id) VALUES (152, 'Fats', '24 g', 165);
INSERT INTO public.product_attribute (id, name, value, product_id) VALUES (153, 'Calories', '57 kcal', 166);
INSERT INTO public.product_attribute (id, name, value, product_id) VALUES (154, 'Carbs', '12 g', 166);
INSERT INTO public.product_attribute (id, name, value, product_id) VALUES (155, 'Proteins', '18 g', 166);
INSERT INTO public.product_attribute (id, name, value, product_id) VALUES (156, 'Fats', '13 g', 166);
INSERT INTO public.product_attribute (id, name, value, product_id) VALUES (157, 'Calories', '28 kcal', 167);
INSERT INTO public.product_attribute (id, name, value, product_id) VALUES (158, 'Carbs', '7 g', 167);
INSERT INTO public.product_attribute (id, name, value, product_id) VALUES (159, 'Proteins', '14 g', 167);
INSERT INTO public.product_attribute (id, name, value, product_id) VALUES (160, 'Fats', '1 g', 167);
INSERT INTO public.product_attribute (id, name, value, product_id) VALUES (589, 'Calories', '200 kcal', 281);
INSERT INTO public.product_attribute (id, name, value, product_id) VALUES (590, 'Proteins', '10 g', 281);
INSERT INTO public.product_attribute (id, name, value, product_id) VALUES (591, 'Carbs', '20 g', 281);
INSERT INTO public.product_attribute (id, name, value, product_id) VALUES (165, 'Calories', '153 kcal', 169);
INSERT INTO public.product_attribute (id, name, value, product_id) VALUES (166, 'Carbs', '3 g', 169);
INSERT INTO public.product_attribute (id, name, value, product_id) VALUES (167, 'Proteins', '10 g', 169);
INSERT INTO public.product_attribute (id, name, value, product_id) VALUES (168, 'Fats', '16 g', 169);
INSERT INTO public.product_attribute (id, name, value, product_id) VALUES (169, 'Calories', '275 kcal', 170);
INSERT INTO public.product_attribute (id, name, value, product_id) VALUES (170, 'Carbs', '38 g', 170);
INSERT INTO public.product_attribute (id, name, value, product_id) VALUES (171, 'Proteins', '20 g', 170);
INSERT INTO public.product_attribute (id, name, value, product_id) VALUES (172, 'Fats', '0 g', 170);
INSERT INTO public.product_attribute (id, name, value, product_id) VALUES (173, 'Calories', '360 kcal', 171);
INSERT INTO public.product_attribute (id, name, value, product_id) VALUES (174, 'Carbs', '38 g', 171);
INSERT INTO public.product_attribute (id, name, value, product_id) VALUES (175, 'Proteins', '17 g', 171);
INSERT INTO public.product_attribute (id, name, value, product_id) VALUES (176, 'Fats', '1 g', 171);
INSERT INTO public.product_attribute (id, name, value, product_id) VALUES (177, 'Calories', '72 kcal', 172);
INSERT INTO public.product_attribute (id, name, value, product_id) VALUES (178, 'Carbs', '20 g', 172);
INSERT INTO public.product_attribute (id, name, value, product_id) VALUES (179, 'Proteins', '9 g', 172);
INSERT INTO public.product_attribute (id, name, value, product_id) VALUES (180, 'Fats', '9 g', 172);
INSERT INTO public.product_attribute (id, name, value, product_id) VALUES (181, 'Calories', '344 kcal', 173);
INSERT INTO public.product_attribute (id, name, value, product_id) VALUES (182, 'Carbs', '45 g', 173);
INSERT INTO public.product_attribute (id, name, value, product_id) VALUES (183, 'Proteins', '10 g', 173);
INSERT INTO public.product_attribute (id, name, value, product_id) VALUES (184, 'Fats', '3 g', 173);
INSERT INTO public.product_attribute (id, name, value, product_id) VALUES (189, 'Calories', '326 kcal', 175);
INSERT INTO public.product_attribute (id, name, value, product_id) VALUES (190, 'Carbs', '40 g', 175);
INSERT INTO public.product_attribute (id, name, value, product_id) VALUES (191, 'Proteins', '10 g', 175);
INSERT INTO public.product_attribute (id, name, value, product_id) VALUES (192, 'Fats', '14 g', 175);
INSERT INTO public.product_attribute (id, name, value, product_id) VALUES (193, 'Calories', '196 kcal', 176);
INSERT INTO public.product_attribute (id, name, value, product_id) VALUES (194, 'Carbs', '24 g', 176);
INSERT INTO public.product_attribute (id, name, value, product_id) VALUES (195, 'Proteins', '17 g', 176);
INSERT INTO public.product_attribute (id, name, value, product_id) VALUES (196, 'Fats', '17 g', 176);
INSERT INTO public.product_attribute (id, name, value, product_id) VALUES (197, 'Calories', '86 kcal', 177);
INSERT INTO public.product_attribute (id, name, value, product_id) VALUES (198, 'Carbs', '29 g', 177);
INSERT INTO public.product_attribute (id, name, value, product_id) VALUES (199, 'Proteins', '14 g', 177);
INSERT INTO public.product_attribute (id, name, value, product_id) VALUES (200, 'Fats', '19 g', 177);
INSERT INTO public.product_attribute (id, name, value, product_id) VALUES (201, 'Calories', '226 kcal', 178);
INSERT INTO public.product_attribute (id, name, value, product_id) VALUES (202, 'Carbs', '35 g', 178);
INSERT INTO public.product_attribute (id, name, value, product_id) VALUES (203, 'Proteins', '10 g', 178);
INSERT INTO public.product_attribute (id, name, value, product_id) VALUES (204, 'Fats', '24 g', 178);
INSERT INTO public.product_attribute (id, name, value, product_id) VALUES (209, 'Calories', '336 kcal', 180);
INSERT INTO public.product_attribute (id, name, value, product_id) VALUES (210, 'Carbs', '24 g', 180);
INSERT INTO public.product_attribute (id, name, value, product_id) VALUES (211, 'Proteins', '6 g', 180);
INSERT INTO public.product_attribute (id, name, value, product_id) VALUES (212, 'Fats', '11 g', 180);
INSERT INTO public.product_attribute (id, name, value, product_id) VALUES (213, 'Calories', '321 kcal', 181);
INSERT INTO public.product_attribute (id, name, value, product_id) VALUES (214, 'Carbs', '42 g', 181);
INSERT INTO public.product_attribute (id, name, value, product_id) VALUES (215, 'Proteins', '9 g', 181);
INSERT INTO public.product_attribute (id, name, value, product_id) VALUES (216, 'Fats', '4 g', 181);
INSERT INTO public.product_attribute (id, name, value, product_id) VALUES (217, 'Calories', '129 kcal', 182);
INSERT INTO public.product_attribute (id, name, value, product_id) VALUES (218, 'Carbs', '46 g', 182);
INSERT INTO public.product_attribute (id, name, value, product_id) VALUES (219, 'Proteins', '14 g', 182);
INSERT INTO public.product_attribute (id, name, value, product_id) VALUES (220, 'Fats', '18 g', 182);
INSERT INTO public.product_attribute (id, name, value, product_id) VALUES (221, 'Calories', '96 kcal', 183);
INSERT INTO public.product_attribute (id, name, value, product_id) VALUES (222, 'Carbs', '49 g', 183);
INSERT INTO public.product_attribute (id, name, value, product_id) VALUES (223, 'Proteins', '4 g', 183);
INSERT INTO public.product_attribute (id, name, value, product_id) VALUES (224, 'Fats', '20 g', 183);
INSERT INTO public.product_attribute (id, name, value, product_id) VALUES (237, 'Calories', '129 kcal', 187);
INSERT INTO public.product_attribute (id, name, value, product_id) VALUES (238, 'Carbs', '2 g', 187);
INSERT INTO public.product_attribute (id, name, value, product_id) VALUES (239, 'Proteins', '1 g', 187);
INSERT INTO public.product_attribute (id, name, value, product_id) VALUES (240, 'Fats', '18 g', 187);
INSERT INTO public.product_attribute (id, name, value, product_id) VALUES (241, 'Calories', '125 kcal', 188);
INSERT INTO public.product_attribute (id, name, value, product_id) VALUES (242, 'Carbs', '9 g', 188);
INSERT INTO public.product_attribute (id, name, value, product_id) VALUES (243, 'Proteins', '10 g', 188);
INSERT INTO public.product_attribute (id, name, value, product_id) VALUES (244, 'Fats', '4 g', 188);
INSERT INTO public.product_attribute (id, name, value, product_id) VALUES (245, 'Calories', '264 kcal', 189);
INSERT INTO public.product_attribute (id, name, value, product_id) VALUES (246, 'Carbs', '27 g', 189);
INSERT INTO public.product_attribute (id, name, value, product_id) VALUES (247, 'Proteins', '17 g', 189);
INSERT INTO public.product_attribute (id, name, value, product_id) VALUES (248, 'Fats', '22 g', 189);
INSERT INTO public.product_attribute (id, name, value, product_id) VALUES (249, 'Calories', '87 kcal', 190);
INSERT INTO public.product_attribute (id, name, value, product_id) VALUES (250, 'Carbs', '39 g', 190);
INSERT INTO public.product_attribute (id, name, value, product_id) VALUES (251, 'Proteins', '15 g', 190);
INSERT INTO public.product_attribute (id, name, value, product_id) VALUES (252, 'Fats', '2 g', 190);
INSERT INTO public.product_attribute (id, name, value, product_id) VALUES (253, 'Calories', '267 kcal', 191);
INSERT INTO public.product_attribute (id, name, value, product_id) VALUES (254, 'Carbs', '50 g', 191);
INSERT INTO public.product_attribute (id, name, value, product_id) VALUES (255, 'Proteins', '13 g', 191);
INSERT INTO public.product_attribute (id, name, value, product_id) VALUES (256, 'Fats', '16 g', 191);
INSERT INTO public.product_attribute (id, name, value, product_id) VALUES (257, 'Calories', '198 kcal', 192);
INSERT INTO public.product_attribute (id, name, value, product_id) VALUES (258, 'Carbs', '22 g', 192);
INSERT INTO public.product_attribute (id, name, value, product_id) VALUES (259, 'Proteins', '20 g', 192);
INSERT INTO public.product_attribute (id, name, value, product_id) VALUES (260, 'Fats', '11 g', 192);
INSERT INTO public.product_attribute (id, name, value, product_id) VALUES (265, 'Calories', '86 kcal', 194);
INSERT INTO public.product_attribute (id, name, value, product_id) VALUES (266, 'Carbs', '46 g', 194);
INSERT INTO public.product_attribute (id, name, value, product_id) VALUES (267, 'Proteins', '17 g', 194);
INSERT INTO public.product_attribute (id, name, value, product_id) VALUES (268, 'Fats', '22 g', 194);
INSERT INTO public.product_attribute (id, name, value, product_id) VALUES (269, 'Calories', '208 kcal', 195);
COMMIT;
