    BEGIN;

    -- ==========================================
    -- 4. CARTS & CART ITEMS
    -- ==========================================

    INSERT INTO public.cart_item (id, is_fresh_selected, quantity, cart_id, product_id) VALUES (92, true, 1, 2, 182);
    INSERT INTO public.cart_item (id, is_fresh_selected, quantity, cart_id, product_id) VALUES (94, true, 1, 2, 137);
    INSERT INTO public.cart_item (id, is_fresh_selected, quantity, cart_id, product_id) VALUES (93, true, 1, 2, 163);
    INSERT INTO public.cart_item (id, is_fresh_selected, quantity, cart_id, product_id) VALUES (95, false, 1, 2, 163);
    INSERT INTO public.cart_item (id, is_fresh_selected, quantity, cart_id, product_id) VALUES (96, false, 1, 2, 160);

    -- ==========================================
    -- 5. ORDERS
    -- ==========================================
    INSERT INTO public.orders (id, created_at, payment_method, promo_code, status, total_price, user_id) VALUES (94, '2026-01-08 14:21:45.907358 +00:00', 'CARD', NULL, 'DELIVERED', 135, 1);
    INSERT INTO public.orders (id, created_at, payment_method, promo_code, status, total_price, user_id) VALUES (95, '2026-02-07 14:21:45.907358 +00:00', 'CASH', NULL, 'DELIVERED', 882, 1);
    INSERT INTO public.orders (id, created_at, payment_method, promo_code, status, total_price, user_id) VALUES (96, '2026-02-09 14:21:45.907358 +00:00', 'CARD', NULL, 'CANCELLED', 330, 1);
    INSERT INTO public.orders (id, created_at, payment_method, promo_code, status, total_price, user_id) VALUES (97, '2026-01-30 14:21:45.907358 +00:00', 'CARD', NULL, 'PROCESSING', 687, 1);
    INSERT INTO public.orders (id, created_at, payment_method, promo_code, status, total_price, user_id) VALUES (124, '2026-02-21 17:28:09.625207 +00:00', 'CASH', 'LICENTA10', 'PROCESSING', 2.25, 22);
    INSERT INTO public.orders (id, created_at, payment_method, promo_code, status, total_price, user_id) VALUES (414, '2026-03-02 15:42:29.952422 +00:00', 'CASH', NULL, 'CANCELLED', 27.35, 22);
    INSERT INTO public.orders (id, created_at, payment_method, promo_code, status, total_price, user_id) VALUES (400, '2025-11-10 09:00:00.000000 +00:00', 'CARD', NULL, 'DELIVERED', 56.5, 300);
    INSERT INTO public.orders (id, created_at, payment_method, promo_code, status, total_price, user_id) VALUES (401, '2026-01-20 10:30:00.000000 +00:00', 'CASH', NULL, 'DELIVERED', 45, 300);
    INSERT INTO public.orders (id, created_at, payment_method, promo_code, status, total_price, user_id) VALUES (404, '2025-12-10 08:00:00.000000 +00:00', 'CASH', NULL, 'DELIVERED', 23.5, 302);
    INSERT INTO public.orders (id, created_at, payment_method, promo_code, status, total_price, user_id) VALUES (405, '2025-12-28 12:20:00.000000 +00:00', 'CARD', NULL, 'DELIVERED', 76, 302);
    INSERT INTO public.orders (id, created_at, payment_method, promo_code, status, total_price, user_id) VALUES (406, '2026-01-25 13:30:00.000000 +00:00', 'CARD', NULL, 'DELIVERED', 41.5, 303);
    INSERT INTO public.orders (id, created_at, payment_method, promo_code, status, total_price, user_id) VALUES (407, '2026-02-20 16:00:00.000000 +00:00', 'CARD', NULL, 'DELIVERED', 62, 303);
    INSERT INTO public.orders (id, created_at, payment_method, promo_code, status, total_price, user_id) VALUES (408, '2026-02-02 08:00:00.000000 +00:00', 'CASH', NULL, 'CANCELLED', 19, 304);
    INSERT INTO public.orders (id, created_at, payment_method, promo_code, status, total_price, user_id) VALUES (415, '2026-03-05 19:35:16.183894 +00:00', 'CASH', 'LICENTA10', 'SHIPPED', 40.68000000000001, 22);
    INSERT INTO public.orders (id, created_at, payment_method, promo_code, status, total_price, user_id) VALUES (125, '2026-02-23 07:31:54.021174 +00:00', 'CASH', 'LICENTA10', 'CONFIRMED', 9.99, 22);
    INSERT INTO public.orders (id, created_at, payment_method, promo_code, status, total_price, user_id) VALUES (113, '2026-01-10 14:21:45.907358 +00:00', 'CASH', NULL, 'CONFIRMED', 623, 1);
    INSERT INTO public.orders (id, created_at, payment_method, promo_code, status, total_price, user_id) VALUES (403, '2025-11-15 17:40:00.000000 +00:00', 'CARD', NULL, 'DELIVERED', 105, 301);
    INSERT INTO public.orders (id, created_at, payment_method, promo_code, status, total_price, user_id) VALUES (402, '2026-02-24 07:15:00.000000 +00:00', 'CARD', NULL, 'CONFIRMED', 32, 300);
    INSERT INTO public.orders (id, created_at, payment_method, promo_code, status, total_price, user_id) VALUES (409, '2026-02-26 12:42:58.176679 +00:00', 'CASH', 'LICENTA10', 'CONFIRMED', 50.6025, 22);
    INSERT INTO public.orders (id, created_at, payment_method, promo_code, status, total_price, user_id) VALUES (410, '2026-03-02 14:23:11.030014 +00:00', 'CASH', 'LICENTA10', 'CONFIRMED', 17.595000000000002, 22);
    INSERT INTO public.orders (id, created_at, payment_method, promo_code, status, total_price, user_id) VALUES (411, '2026-03-02 14:34:22.218964 +00:00', 'CASH', NULL, 'CONFIRMED', 0.25, 22);
    INSERT INTO public.orders (id, created_at, payment_method, promo_code, status, total_price, user_id) VALUES (412, '2026-03-02 14:35:52.798246 +00:00', 'CASH', 'LICENTA10', 'CONFIRMED', 2.25, 22);
    INSERT INTO public.orders (id, created_at, payment_method, promo_code, status, total_price, user_id) VALUES (413, '2026-03-02 14:47:20.969516 +00:00', 'CASH', NULL, 'CONFIRMED', 20.3, 22);
    INSERT INTO public.orders (id, created_at, payment_method, promo_code, status, total_price, user_id) VALUES (62, '2026-01-26 14:21:45.907358 +00:00', 'CASH', NULL, 'SHIPPED', 586, 1);
    INSERT INTO public.orders (id, created_at, payment_method, promo_code, status, total_price, user_id) VALUES (63, '2026-02-04 14:21:45.907358 +00:00', 'CASH', NULL, 'PROCESSING', 684, 1);
    INSERT INTO public.orders (id, created_at, payment_method, promo_code, status, total_price, user_id) VALUES (64, '2026-01-07 14:21:45.907358 +00:00', 'CASH', NULL, 'SHIPPED', 683, 1);
    INSERT INTO public.orders (id, created_at, payment_method, promo_code, status, total_price, user_id) VALUES (65, '2026-02-21 14:21:45.907358 +00:00', 'CASH', NULL, 'SHIPPED', 470, 1);
    INSERT INTO public.orders (id, created_at, payment_method, promo_code, status, total_price, user_id) VALUES (66, '2026-01-18 14:21:45.907358 +00:00', 'CARD', NULL, 'PROCESSING', 814, 1);
    INSERT INTO public.orders (id, created_at, payment_method, promo_code, status, total_price, user_id) VALUES (67, '2026-02-02 14:21:45.907358 +00:00', 'CARD', NULL, 'PROCESSING', 865, 1);
    INSERT INTO public.orders (id, created_at, payment_method, promo_code, status, total_price, user_id) VALUES (68, '2026-02-17 14:21:45.907358 +00:00', 'CARD', NULL, 'DELIVERED', 492, 1);
    INSERT INTO public.orders (id, created_at, payment_method, promo_code, status, total_price, user_id) VALUES (69, '2026-01-13 14:21:45.907358 +00:00', 'CASH', NULL, 'DELIVERED', 319, 1);
    INSERT INTO public.orders (id, created_at, payment_method, promo_code, status, total_price, user_id) VALUES (70, '2026-01-05 14:21:45.907358 +00:00', 'CASH', NULL, 'PROCESSING', 125, 1);
    INSERT INTO public.orders (id, created_at, payment_method, promo_code, status, total_price, user_id) VALUES (71, '2026-02-17 14:21:45.907358 +00:00', 'CASH', NULL, 'DELIVERED', 179, 1);
    INSERT INTO public.orders (id, created_at, payment_method, promo_code, status, total_price, user_id) VALUES (72, '2026-01-27 14:21:45.907358 +00:00', 'CARD', NULL, 'PROCESSING', 853, 1);
    INSERT INTO public.orders (id, created_at, payment_method, promo_code, status, total_price, user_id) VALUES (73, '2026-01-13 14:21:45.907358 +00:00', 'CASH', NULL, 'CANCELLED', 294, 1);
    INSERT INTO public.orders (id, created_at, payment_method, promo_code, status, total_price, user_id) VALUES (74, '2026-01-20 14:21:45.907358 +00:00', 'CASH', NULL, 'SHIPPED', 312, 1);
    INSERT INTO public.orders (id, created_at, payment_method, promo_code, status, total_price, user_id) VALUES (75, '2026-01-11 14:21:45.907358 +00:00', 'CASH', NULL, 'SHIPPED', 675, 1);
    INSERT INTO public.orders (id, created_at, payment_method, promo_code, status, total_price, user_id) VALUES (76, '2026-01-12 14:21:45.907358 +00:00', 'CASH', NULL, 'SHIPPED', 199, 1);
    INSERT INTO public.orders (id, created_at, payment_method, promo_code, status, total_price, user_id) VALUES (77, '2026-01-06 14:21:45.907358 +00:00', 'CARD', NULL, 'SHIPPED', 834, 1);
    INSERT INTO public.orders (id, created_at, payment_method, promo_code, status, total_price, user_id) VALUES (78, '2026-01-18 14:21:45.907358 +00:00', 'CASH', NULL, 'PROCESSING', 652, 1);
    INSERT INTO public.orders (id, created_at, payment_method, promo_code, status, total_price, user_id) VALUES (79, '2026-02-01 14:21:45.907358 +00:00', 'CASH', NULL, 'SHIPPED', 333, 1);
    INSERT INTO public.orders (id, created_at, payment_method, promo_code, status, total_price, user_id) VALUES (80, '2026-01-19 14:21:45.907358 +00:00', 'CARD', NULL, 'DELIVERED', 737, 1);
    INSERT INTO public.orders (id, created_at, payment_method, promo_code, status, total_price, user_id) VALUES (81, '2026-02-08 14:21:45.907358 +00:00', 'CARD', NULL, 'DELIVERED', 669, 1);
    INSERT INTO public.orders (id, created_at, payment_method, promo_code, status, total_price, user_id) VALUES (82, '2026-01-15 14:21:45.907358 +00:00', 'CASH', NULL, 'SHIPPED', 364, 1);
    INSERT INTO public.orders (id, created_at, payment_method, promo_code, status, total_price, user_id) VALUES (83, '2026-01-11 14:21:45.907358 +00:00', 'CARD', NULL, 'SHIPPED', 450, 1);
    INSERT INTO public.orders (id, created_at, payment_method, promo_code, status, total_price, user_id) VALUES (84, '2026-02-08 14:21:45.907358 +00:00', 'CASH', NULL, 'PROCESSING', 453, 1);
    INSERT INTO public.orders (id, created_at, payment_method, promo_code, status, total_price, user_id) VALUES (85, '2026-02-14 14:21:45.907358 +00:00', 'CASH', NULL, 'DELIVERED', 699, 1);
    INSERT INTO public.orders (id, created_at, payment_method, promo_code, status, total_price, user_id) VALUES (86, '2026-01-03 14:21:45.907358 +00:00', 'CASH', NULL, 'PROCESSING', 767, 1);
    INSERT INTO public.orders (id, created_at, payment_method, promo_code, status, total_price, user_id) VALUES (87, '2026-01-16 14:21:45.907358 +00:00', 'CARD', NULL, 'SHIPPED', 651, 1);
    INSERT INTO public.orders (id, created_at, payment_method, promo_code, status, total_price, user_id) VALUES (88, '2026-02-09 14:21:45.907358 +00:00', 'CASH', NULL, 'DELIVERED', 880, 1);
    INSERT INTO public.orders (id, created_at, payment_method, promo_code, status, total_price, user_id) VALUES (89, '2026-01-25 14:21:45.907358 +00:00', 'CARD', NULL, 'PROCESSING', 488, 1);
    INSERT INTO public.orders (id, created_at, payment_method, promo_code, status, total_price, user_id) VALUES (90, '2026-01-23 14:21:45.907358 +00:00', 'CARD', NULL, 'SHIPPED', 289, 1);
    INSERT INTO public.orders (id, created_at, payment_method, promo_code, status, total_price, user_id) VALUES (91, '2026-01-12 14:21:45.907358 +00:00', 'CARD', NULL, 'PROCESSING', 417, 1);
    INSERT INTO public.orders (id, created_at, payment_method, promo_code, status, total_price, user_id) VALUES (92, '2026-01-20 14:21:45.907358 +00:00', 'CARD', NULL, 'PROCESSING', 599, 1);
    INSERT INTO public.orders (id, created_at, payment_method, promo_code, status, total_price, user_id) VALUES (93, '2026-02-05 14:21:45.907358 +00:00', 'CARD', NULL, 'CANCELLED', 637, 1);
    INSERT INTO public.orders (id, created_at, payment_method, promo_code, status, total_price, user_id) VALUES (98, '2026-01-04 14:21:45.907358 +00:00', 'CARD', NULL, 'DELIVERED', 124, 1);
    INSERT INTO public.orders (id, created_at, payment_method, promo_code, status, total_price, user_id) VALUES (99, '2026-01-27 14:21:45.907358 +00:00', 'CASH', NULL, 'CANCELLED', 158, 1);
    INSERT INTO public.orders (id, created_at, payment_method, promo_code, status, total_price, user_id) VALUES (100, '2026-01-31 14:21:45.907358 +00:00', 'CARD', NULL, 'PROCESSING', 269, 1);
    INSERT INTO public.orders (id, created_at, payment_method, promo_code, status, total_price, user_id) VALUES (101, '2026-01-24 14:21:45.907358 +00:00', 'CASH', NULL, 'SHIPPED', 176, 1);
    INSERT INTO public.orders (id, created_at, payment_method, promo_code, status, total_price, user_id) VALUES (102, '2026-02-21 14:21:45.907358 +00:00', 'CARD', NULL, 'CANCELLED', 429, 1);
    INSERT INTO public.orders (id, created_at, payment_method, promo_code, status, total_price, user_id) VALUES (103, '2026-02-10 14:21:45.907358 +00:00', 'CASH', NULL, 'DELIVERED', 872, 1);
    INSERT INTO public.orders (id, created_at, payment_method, promo_code, status, total_price, user_id) VALUES (104, '2026-01-11 14:21:45.907358 +00:00', 'CASH', NULL, 'SHIPPED', 439, 1);
    INSERT INTO public.orders (id, created_at, payment_method, promo_code, status, total_price, user_id) VALUES (105, '2026-01-17 14:21:45.907358 +00:00', 'CASH', NULL, 'DELIVERED', 878, 1);
    INSERT INTO public.orders (id, created_at, payment_method, promo_code, status, total_price, user_id) VALUES (106, '2026-02-07 14:21:45.907358 +00:00', 'CARD', NULL, 'SHIPPED', 241, 1);
    INSERT INTO public.orders (id, created_at, payment_method, promo_code, status, total_price, user_id) VALUES (107, '2026-02-06 14:21:45.907358 +00:00', 'CARD', NULL, 'SHIPPED', 184, 1);
    INSERT INTO public.orders (id, created_at, payment_method, promo_code, status, total_price, user_id) VALUES (108, '2026-02-16 14:21:45.907358 +00:00', 'CARD', NULL, 'PROCESSING', 600, 1);
    INSERT INTO public.orders (id, created_at, payment_method, promo_code, status, total_price, user_id) VALUES (109, '2026-02-07 14:21:45.907358 +00:00', 'CARD', NULL, 'PROCESSING', 659, 1);
    INSERT INTO public.orders (id, created_at, payment_method, promo_code, status, total_price, user_id) VALUES (110, '2026-02-02 14:21:45.907358 +00:00', 'CARD', NULL, 'PROCESSING', 568, 1);
    INSERT INTO public.orders (id, created_at, payment_method, promo_code, status, total_price, user_id) VALUES (111, '2026-01-04 14:21:45.907358 +00:00', 'CASH', NULL, 'PROCESSING', 247, 1);
    INSERT INTO public.orders (id, created_at, payment_method, promo_code, status, total_price, user_id) VALUES (112, '2026-02-20 14:21:45.907358 +00:00', 'CASH', NULL, 'SHIPPED', 804, 1);
    INSERT INTO public.orders (id, created_at, payment_method, promo_code, status, total_price, user_id) VALUES (114, '2026-01-17 14:21:45.907358 +00:00', 'CASH', NULL, 'PROCESSING', 332, 1);
    INSERT INTO public.orders (id, created_at, payment_method, promo_code, status, total_price, user_id) VALUES (115, '2026-02-14 14:21:45.907358 +00:00', 'CASH', NULL, 'DELIVERED', 805, 1);
    INSERT INTO public.orders (id, created_at, payment_method, promo_code, status, total_price, user_id) VALUES (116, '2026-01-31 14:21:45.907358 +00:00', 'CARD', NULL, 'SHIPPED', 841, 1);
    INSERT INTO public.orders (id, created_at, payment_method, promo_code, status, total_price, user_id) VALUES (117, '2026-01-10 14:21:45.907358 +00:00', 'CARD', NULL, 'SHIPPED', 359, 1);
    INSERT INTO public.orders (id, created_at, payment_method, promo_code, status, total_price, user_id) VALUES (118, '2026-01-24 14:21:45.907358 +00:00', 'CARD', NULL, 'CANCELLED', 425, 1);
    INSERT INTO public.orders (id, created_at, payment_method, promo_code, status, total_price, user_id) VALUES (119, '2026-01-23 14:21:45.907358 +00:00', 'CASH', NULL, 'SHIPPED', 831, 1);
    INSERT INTO public.orders (id, created_at, payment_method, promo_code, status, total_price, user_id) VALUES (120, '2026-02-11 14:21:45.907358 +00:00', 'CARD', NULL, 'SHIPPED', 843, 1);
    INSERT INTO public.orders (id, created_at, payment_method, promo_code, status, total_price, user_id) VALUES (121, '2026-01-14 14:21:45.907358 +00:00', 'CARD', NULL, 'PROCESSING', 638, 1);
    INSERT INTO public.orders (id, created_at, payment_method, promo_code, status, total_price, user_id) VALUES (122, '2026-02-21 16:42:33.890959 +00:00', 'CASH', 'LICENTA10', 'PROCESSING', 11.43, 22);
    INSERT INTO public.orders (id, created_at, payment_method, promo_code, status, total_price, user_id) VALUES (123, '2026-02-21 17:20:24.680148 +00:00', 'CASH', 'LICENTA10', 'CANCELLED', 6.75, 22);

    -- ==========================================
    -- 6. ORDER ITEMS
    -- ==========================================
    INSERT INTO public.order_item (id, base_price, price, quantity, order_id, product_id) VALUES (124, 0.7, 0.175, 26, 122, 259);
    INSERT INTO public.order_item (id, base_price, price, quantity, order_id, product_id) VALUES (125, 0.7, 0.7, 4, 122, 250);
    INSERT INTO public.order_item (id, base_price, price, quantity, order_id, product_id) VALUES (126, 0.6, 0.6, 1, 122, 252);
    INSERT INTO public.order_item (id, base_price, price, quantity, order_id, product_id) VALUES (127, 0.45, 0.45, 1, 122, 254);
    INSERT INTO public.order_item (id, base_price, price, quantity, order_id, product_id) VALUES (128, 2.5, 2.5, 1, 122, 255);
    INSERT INTO public.order_item (id, base_price, price, quantity, order_id, product_id) VALUES (129, 1.8, 1.8, 1, 122, 256);
    INSERT INTO public.order_item (id, base_price, price, quantity, order_id, product_id) VALUES (131, 2.5, 2.5, 1, 124, 182);
    INSERT INTO public.order_item (id, base_price, price, quantity, order_id, product_id) VALUES (500, 32, 32, 1, 400, 217);
    INSERT INTO public.order_item (id, base_price, price, quantity, order_id, product_id) VALUES (501, 7.5, 7.5, 1, 400, 177);
    INSERT INTO public.order_item (id, base_price, price, quantity, order_id, product_id) VALUES (502, 8.5, 8.5, 2, 400, 156);
    INSERT INTO public.order_item (id, base_price, price, quantity, order_id, product_id) VALUES (503, 22, 22, 1, 401, 180);
    INSERT INTO public.order_item (id, base_price, price, quantity, order_id, product_id) VALUES (504, 8, 8, 2, 401, 224);
    INSERT INTO public.order_item (id, base_price, price, quantity, order_id, product_id) VALUES (505, 0.7, 0.7, 10, 401, 259);
    INSERT INTO public.order_item (id, base_price, price, quantity, order_id, product_id) VALUES (506, 12, 12, 1, 402, 172);
    INSERT INTO public.order_item (id, base_price, price, quantity, order_id, product_id) VALUES (507, 4, 4, 5, 402, 272);
    INSERT INTO public.order_item (id, base_price, price, quantity, order_id, product_id) VALUES (508, 45, 45, 1, 403, 225);
    INSERT INTO public.order_item (id, base_price, price, quantity, order_id, product_id) VALUES (509, 30, 30, 2, 403, 221);
    INSERT INTO public.order_item (id, base_price, price, quantity, order_id, product_id) VALUES (510, 6, 6, 2, 404, 166);
    INSERT INTO public.order_item (id, base_price, price, quantity, order_id, product_id) VALUES (511, 11.5, 11.5, 1, 404, 158);
    INSERT INTO public.order_item (id, base_price, price, quantity, order_id, product_id) VALUES (512, 19, 19, 4, 405, 188);
    INSERT INTO public.order_item (id, base_price, price, quantity, order_id, product_id) VALUES (513, 9.5, 9.5, 3, 406, 137);
    INSERT INTO public.order_item (id, base_price, price, quantity, order_id, product_id) VALUES (514, 6.5, 6.5, 2, 406, 197);
    INSERT INTO public.order_item (id, base_price, price, quantity, order_id, product_id) VALUES (515, 3.5, 3.5, 4, 407, 162);
    INSERT INTO public.order_item (id, base_price, price, quantity, order_id, product_id) VALUES (516, 12, 12, 4, 407, 194);
    INSERT INTO public.order_item (id, base_price, price, quantity, order_id, product_id) VALUES (517, 9.5, 9.5, 2, 408, 138);
    INSERT INTO public.order_item (id, base_price, price, quantity, order_id, product_id) VALUES (525, 1, 0.25, 1, 410, 257);
    INSERT INTO public.order_item (id, base_price, price, quantity, order_id, product_id) VALUES (526, 3.5, 2.8, 1, 410, 163);
    INSERT INTO public.order_item (id, base_price, price, quantity, order_id, product_id) VALUES (527, 16.5, 16.5, 1, 410, 171);
    INSERT INTO public.order_item (id, base_price, price, quantity, order_id, product_id) VALUES (529, 2.5, 2.5, 1, 412, 182);
    INSERT INTO public.order_item (id, base_price, price, quantity, order_id, product_id) VALUES (535, 7.5, 7.5, 2, 414, 189);
    INSERT INTO public.order_item (id, base_price, price, quantity, order_id, product_id) VALUES (536, 0.35, 0.0875, 2, 414, 261);
    INSERT INTO public.order_item (id, base_price, price, quantity, order_id, product_id) VALUES (537, 12, 12, 1, 414, 216);
    INSERT INTO public.order_item (id, base_price, price, quantity, order_id, product_id) VALUES (538, 0.7, 0.175, 1, 414, 259);
    INSERT INTO public.order_item (id, base_price, price, quantity, order_id, product_id) VALUES (64, 16.5, 16.5, 3, 62, 171);
    INSERT INTO public.order_item (id, base_price, price, quantity, order_id, product_id) VALUES (68, 16.5, 16.5, 4, 66, 171);
    INSERT INTO public.order_item (id, base_price, price, quantity, order_id, product_id) VALUES (69, 8.5, 8.5, 4, 67, 155);
    INSERT INTO public.order_item (id, base_price, price, quantity, order_id, product_id) VALUES (70, 7.5, 7.5, 2, 68, 189);
    INSERT INTO public.order_item (id, base_price, price, quantity, order_id, product_id) VALUES (71, 8.5, 8.5, 3, 69, 155);
    INSERT INTO public.order_item (id, base_price, price, quantity, order_id, product_id) VALUES (75, 3.2, 3.2, 2, 73, 148);
    INSERT INTO public.order_item (id, base_price, price, quantity, order_id, product_id) VALUES (76, 3.5, 3.5, 4, 74, 162);
    INSERT INTO public.order_item (id, base_price, price, quantity, order_id, product_id) VALUES (79, 12.5, 12.5, 4, 77, 159);
    INSERT INTO public.order_item (id, base_price, price, quantity, order_id, product_id) VALUES (80, 35, 35, 1, 78, 223);
    INSERT INTO public.order_item (id, base_price, price, quantity, order_id, product_id) VALUES (82, 3.5, 3.5, 3, 80, 163);
    INSERT INTO public.order_item (id, base_price, price, quantity, order_id, product_id) VALUES (83, 7.5, 7.5, 1, 81, 160);
    INSERT INTO public.order_item (id, base_price, price, quantity, order_id, product_id) VALUES (84, 3, 3, 4, 82, 183);
    INSERT INTO public.order_item (id, base_price, price, quantity, order_id, product_id) VALUES (85, 3.9, 3.9, 1, 83, 151);
    INSERT INTO public.order_item (id, base_price, price, quantity, order_id, product_id) VALUES (86, 9.5, 9.5, 4, 84, 138);
    INSERT INTO public.order_item (id, base_price, price, quantity, order_id, product_id) VALUES (87, 22, 22, 3, 85, 180);
    INSERT INTO public.order_item (id, base_price, price, quantity, order_id, product_id) VALUES (89, 7.5, 7.5, 3, 87, 190);
    INSERT INTO public.order_item (id, base_price, price, quantity, order_id, product_id) VALUES (90, 12.5, 12.5, 2, 88, 159);
    INSERT INTO public.order_item (id, base_price, price, quantity, order_id, product_id) VALUES (91, 30, 30, 1, 89, 221);
    INSERT INTO public.order_item (id, base_price, price, quantity, order_id, product_id) VALUES (92, 9, 9, 3, 90, 139);
    INSERT INTO public.order_item (id, base_price, price, quantity, order_id, product_id) VALUES (93, 8, 8, 1, 91, 205);
    INSERT INTO public.order_item (id, base_price, price, quantity, order_id, product_id) VALUES (94, 9.5, 9.5, 4, 92, 138);
    INSERT INTO public.order_item (id, base_price, price, quantity, order_id, product_id) VALUES (96, 45, 45, 4, 94, 225);
    INSERT INTO public.order_item (id, base_price, price, quantity, order_id, product_id) VALUES (97, 3.2, 3.2, 4, 95, 148);
    INSERT INTO public.order_item (id, base_price, price, quantity, order_id, product_id) VALUES (101, 7.5, 7.5, 2, 99, 153);
    INSERT INTO public.order_item (id, base_price, price, quantity, order_id, product_id) VALUES (102, 6, 6, 4, 100, 166);
    INSERT INTO public.order_item (id, base_price, price, quantity, order_id, product_id) VALUES (103, 6, 6, 3, 101, 167);
    INSERT INTO public.order_item (id, base_price, price, quantity, order_id, product_id) VALUES (105, 3.2, 3.2, 4, 103, 148);
    INSERT INTO public.order_item (id, base_price, price, quantity, order_id, product_id) VALUES (106, 5.5, 5.5, 3, 104, 175);
    INSERT INTO public.order_item (id, base_price, price, quantity, order_id, product_id) VALUES (108, 6, 6, 1, 106, 166);
    INSERT INTO public.order_item (id, base_price, price, quantity, order_id, product_id) VALUES (109, 35, 35, 4, 107, 223);
    INSERT INTO public.order_item (id, base_price, price, quantity, order_id, product_id) VALUES (110, 2.5, 2.5, 3, 108, 182);
    INSERT INTO public.order_item (id, base_price, price, quantity, order_id, product_id) VALUES (111, 6.5, 6.5, 1, 109, 169);
    INSERT INTO public.order_item (id, base_price, price, quantity, order_id, product_id) VALUES (112, 3.5, 3.5, 1, 110, 144);
    INSERT INTO public.order_item (id, base_price, price, quantity, order_id, product_id) VALUES (113, 5.5, 5.5, 4, 111, 175);
    INSERT INTO public.order_item (id, base_price, price, quantity, order_id, product_id) VALUES (115, 12.5, 12.5, 1, 113, 195);
    INSERT INTO public.order_item (id, base_price, price, quantity, order_id, product_id) VALUES (117, 45, 45, 4, 115, 225);
    INSERT INTO public.order_item (id, base_price, price, quantity, order_id, product_id) VALUES (119, 12, 12, 2, 117, 172);
    INSERT INTO public.order_item (id, base_price, price, quantity, order_id, product_id) VALUES (120, 7.5, 7.5, 4, 118, 191);
    INSERT INTO public.order_item (id, base_price, price, quantity, order_id, product_id) VALUES (121, 35, 35, 4, 119, 223);
    INSERT INTO public.order_item (id, base_price, price, quantity, order_id, product_id) VALUES (123, 3.2, 3.2, 4, 121, 148);
    INSERT INTO public.order_item (id, base_price, price, quantity, order_id, product_id) VALUES (130, 7.5, 7.5, 1, 123, 189);
    INSERT INTO public.order_item (id, base_price, price, quantity, order_id, product_id) VALUES (132, 0.6, 0.6, 1, 125, 252);
    INSERT INTO public.order_item (id, base_price, price, quantity, order_id, product_id) VALUES (133, 5, 5, 1, 125, 170);
    INSERT INTO public.order_item (id, base_price, price, quantity, order_id, product_id) VALUES (134, 22, 5.5, 1, 125, 180);
    INSERT INTO public.order_item (id, base_price, price, quantity, order_id, product_id) VALUES (518, 12, 3, 2, 409, 216);
    INSERT INTO public.order_item (id, base_price, price, quantity, order_id, product_id) VALUES (519, 1, 0.8, 7, 409, 257);
    INSERT INTO public.order_item (id, base_price, price, quantity, order_id, product_id) VALUES (520, 4.5, 4.5, 7, 409, 164);
    INSERT INTO public.order_item (id, base_price, price, quantity, order_id, product_id) VALUES (521, 10.25, 10.25, 1, 409, 137);
    INSERT INTO public.order_item (id, base_price, price, quantity, order_id, product_id) VALUES (522, 1.5, 0.375, 1, 409, 258);
    INSERT INTO public.order_item (id, base_price, price, quantity, order_id, product_id) VALUES (523, 0.7, 0.7, 1, 409, 250);
    INSERT INTO public.order_item (id, base_price, price, quantity, order_id, product_id) VALUES (524, 1.8, 1.8, 1, 409, 256);
    INSERT INTO public.order_item (id, base_price, price, quantity, order_id, product_id) VALUES (528, 1, 0.25, 1, 411, 257);
    INSERT INTO public.order_item (id, base_price, price, quantity, order_id, product_id) VALUES (530, 1, 0.25, 1, 413, 257);
    INSERT INTO public.order_item (id, base_price, price, quantity, order_id, product_id) VALUES (531, 1.5, 0.375, 1, 413, 258);
    INSERT INTO public.order_item (id, base_price, price, quantity, order_id, product_id) VALUES (532, 0.7, 0.175, 1, 413, 259);
    INSERT INTO public.order_item (id, base_price, price, quantity, order_id, product_id) VALUES (533, 7.5, 7.5, 1, 413, 189);
    INSERT INTO public.order_item (id, base_price, price, quantity, order_id, product_id) VALUES (534, 12, 12, 1, 413, 216);
    INSERT INTO public.order_item (id, base_price, price, quantity, order_id, product_id) VALUES (539, 0.7, 0.7, 7, 415, 250);
    INSERT INTO public.order_item (id, base_price, price, quantity, order_id, product_id) VALUES (540, 22, 5.5, 5, 415, 180);
    INSERT INTO public.order_item (id, base_price, price, quantity, order_id, product_id) VALUES (541, 3.2, 3.2, 4, 415, 148);

    -- ==========================================
    -- 7. USER INTERACTIONS
    -- ==========================================
    INSERT INTO public.user_interaction (id, created_at, interaction_type, product_id, user_id) VALUES (244, '2026-02-05 14:24:15.530235 +00:00', 'ADD_TO_CART', 219, 5);
    INSERT INTO public.user_interaction (id, created_at, interaction_type, product_id, user_id) VALUES (245, '2026-02-17 14:24:15.530235 +00:00', 'VIEW', 163, 4);
    INSERT INTO public.user_interaction (id, created_at, interaction_type, product_id, user_id) VALUES (246, '2026-02-16 14:24:15.530235 +00:00', 'ADD_TO_CART', 167, 15);
    INSERT INTO public.user_interaction (id, created_at, interaction_type, product_id, user_id) VALUES (247, '2026-02-18 14:24:15.530235 +00:00', 'PURCHASE', 162, 6);
    INSERT INTO public.user_interaction (id, created_at, interaction_type, product_id, user_id) VALUES (644, '2026-02-21 16:25:06.161587 +00:00', 'ADD_TO_CART', 259, 22);
    INSERT INTO public.user_interaction (id, created_at, interaction_type, product_id, user_id) VALUES (249, '2026-02-08 14:24:15.530235 +00:00', 'VIEW', 171, 3);
    INSERT INTO public.user_interaction (id, created_at, interaction_type, product_id, user_id) VALUES (250, '2026-02-16 14:24:15.530235 +00:00', 'ADD_TO_CART', 221, 18);
    INSERT INTO public.user_interaction (id, created_at, interaction_type, product_id, user_id) VALUES (251, '2026-02-01 14:24:15.530235 +00:00', 'ADD_TO_CART', 153, 15);
    INSERT INTO public.user_interaction (id, created_at, interaction_type, product_id, user_id) VALUES (252, '2026-02-07 14:24:15.530235 +00:00', 'ADD_TO_CART', 169, 7);
    INSERT INTO public.user_interaction (id, created_at, interaction_type, product_id, user_id) VALUES (253, '2026-02-13 14:24:15.530235 +00:00', 'ADD_TO_CART', 143, 8);
    INSERT INTO public.user_interaction (id, created_at, interaction_type, product_id, user_id) VALUES (650, '2026-02-21 16:42:22.929661 +00:00', 'ADD_TO_CART', 254, 22);
    INSERT INTO public.user_interaction (id, created_at, interaction_type, product_id, user_id) VALUES (255, '2026-02-11 14:24:15.530235 +00:00', 'VIEW', 148, 2);
    INSERT INTO public.user_interaction (id, created_at, interaction_type, product_id, user_id) VALUES (652, '2026-02-21 16:42:23.907959 +00:00', 'ADD_TO_CART', 256, 22);
    INSERT INTO public.user_interaction (id, created_at, interaction_type, product_id, user_id) VALUES (257, '2026-02-12 14:24:15.530235 +00:00', 'VIEW', 223, 13);
    INSERT INTO public.user_interaction (id, created_at, interaction_type, product_id, user_id) VALUES (258, '2026-02-20 14:24:15.530235 +00:00', 'ADD_TO_CART', 160, 20);
    INSERT INTO public.user_interaction (id, created_at, interaction_type, product_id, user_id) VALUES (259, '2026-01-27 14:24:15.530235 +00:00', 'ADD_TO_CART', 217, 13);
    INSERT INTO public.user_interaction (id, created_at, interaction_type, product_id, user_id) VALUES (260, '2026-01-28 14:24:15.530235 +00:00', 'VIEW', 217, 21);
    INSERT INTO public.user_interaction (id, created_at, interaction_type, product_id, user_id) VALUES (261, '2026-02-05 14:24:15.530235 +00:00', 'VIEW', 142, 15);
    INSERT INTO public.user_interaction (id, created_at, interaction_type, product_id, user_id) VALUES (653, '2026-02-21 16:42:33.895957 +00:00', 'PURCHASE', 259, 22);
    INSERT INTO public.user_interaction (id, created_at, interaction_type, product_id, user_id) VALUES (654, '2026-02-21 16:42:33.901237 +00:00', 'PURCHASE', 250, 22);
    INSERT INTO public.user_interaction (id, created_at, interaction_type, product_id, user_id) VALUES (264, '2026-02-13 14:24:15.530235 +00:00', 'VIEW', 216, 7);
    INSERT INTO public.user_interaction (id, created_at, interaction_type, product_id, user_id) VALUES (265, '2026-02-21 14:24:15.530235 +00:00', 'PURCHASE', 187, 2);
    INSERT INTO public.user_interaction (id, created_at, interaction_type, product_id, user_id) VALUES (266, '2026-02-21 14:24:15.530235 +00:00', 'VIEW', 169, 4);
    INSERT INTO public.user_interaction (id, created_at, interaction_type, product_id, user_id) VALUES (267, '2026-02-16 14:24:15.530235 +00:00', 'ADD_TO_CART', 163, 3);
    INSERT INTO public.user_interaction (id, created_at, interaction_type, product_id, user_id) VALUES (655, '2026-02-21 16:42:33.906479 +00:00', 'PURCHASE', 252, 22);
    INSERT INTO public.user_interaction (id, created_at, interaction_type, product_id, user_id) VALUES (269, '2026-02-03 14:24:15.530235 +00:00', 'ADD_TO_CART', 147, 15);
    INSERT INTO public.user_interaction (id, created_at, interaction_type, product_id, user_id) VALUES (656, '2026-02-21 16:42:33.910753 +00:00', 'PURCHASE', 254, 22);
    INSERT INTO public.user_interaction (id, created_at, interaction_type, product_id, user_id) VALUES (271, '2026-01-28 14:24:15.530235 +00:00', 'VIEW', 188, 16);
    INSERT INTO public.user_interaction (id, created_at, interaction_type, product_id, user_id) VALUES (272, '2026-02-21 14:24:15.530235 +00:00', 'VIEW', 147, 3);
    INSERT INTO public.user_interaction (id, created_at, interaction_type, product_id, user_id) VALUES (273, '2026-02-11 14:24:15.530235 +00:00', 'ADD_TO_CART', 167, 1);
    INSERT INTO public.user_interaction (id, created_at, interaction_type, product_id, user_id) VALUES (657, '2026-02-21 16:42:33.914393 +00:00', 'PURCHASE', 255, 22);
    INSERT INTO public.user_interaction (id, created_at, interaction_type, product_id, user_id) VALUES (275, '2026-02-19 14:24:15.530235 +00:00', 'ADD_TO_CART', 224, 8);
    INSERT INTO public.user_interaction (id, created_at, interaction_type, product_id, user_id) VALUES (276, '2026-02-21 14:24:15.530235 +00:00', 'ADD_TO_CART', 155, 20);
    INSERT INTO public.user_interaction (id, created_at, interaction_type, product_id, user_id) VALUES (277, '2026-02-18 14:24:15.530235 +00:00', 'PURCHASE', 158, 14);
    INSERT INTO public.user_interaction (id, created_at, interaction_type, product_id, user_id) VALUES (278, '2026-01-27 14:24:15.530235 +00:00', 'PURCHASE', 144, 4);
    INSERT INTO public.user_interaction (id, created_at, interaction_type, product_id, user_id) VALUES (658, '2026-02-21 16:42:33.917953 +00:00', 'PURCHASE', 256, 22);
    INSERT INTO public.user_interaction (id, created_at, interaction_type, product_id, user_id) VALUES (280, '2026-02-12 14:24:15.530235 +00:00', 'VIEW', 143, 19);
    INSERT INTO public.user_interaction (id, created_at, interaction_type, product_id, user_id) VALUES (281, '2026-02-06 14:24:15.530235 +00:00', 'ADD_TO_CART', 156, 6);
    INSERT INTO public.user_interaction (id, created_at, interaction_type, product_id, user_id) VALUES (282, '2026-01-24 14:24:15.530235 +00:00', 'VIEW', 158, 6);
    INSERT INTO public.user_interaction (id, created_at, interaction_type, product_id, user_id) VALUES (283, '2026-02-08 14:24:15.530235 +00:00', 'PURCHASE', 161, 21);
    INSERT INTO public.user_interaction (id, created_at, interaction_type, product_id, user_id) VALUES (661, '2026-02-21 17:27:59.005427 +00:00', 'ADD_TO_CART', 182, 22);
    INSERT INTO public.user_interaction (id, created_at, interaction_type, product_id, user_id) VALUES (662, '2026-02-21 17:28:09.632496 +00:00', 'PURCHASE', 182, 22);
    INSERT INTO public.user_interaction (id, created_at, interaction_type, product_id, user_id) VALUES (286, '2026-01-23 14:24:15.530235 +00:00', 'PURCHASE', 195, 4);
    INSERT INTO public.user_interaction (id, created_at, interaction_type, product_id, user_id) VALUES (287, '2026-01-24 14:24:15.530235 +00:00', 'ADD_TO_CART', 172, 9);
    INSERT INTO public.user_interaction (id, created_at, interaction_type, product_id, user_id) VALUES (288, '2026-02-16 14:24:15.530235 +00:00', 'PURCHASE', 169, 5);
    INSERT INTO public.user_interaction (id, created_at, interaction_type, product_id, user_id) VALUES (666, '2026-02-23 07:31:54.025247 +00:00', 'PURCHASE', 252, 22);
    INSERT INTO public.user_interaction (id, created_at, interaction_type, product_id, user_id) VALUES (290, '2026-01-29 14:24:15.530235 +00:00', 'VIEW', 192, 9);
    INSERT INTO public.user_interaction (id, created_at, interaction_type, product_id, user_id) VALUES (291, '2026-02-12 14:24:15.530235 +00:00', 'VIEW', 165, 12);
    INSERT INTO public.user_interaction (id, created_at, interaction_type, product_id, user_id) VALUES (667, '2026-02-23 07:31:54.033983 +00:00', 'PURCHASE', 170, 22);
    INSERT INTO public.user_interaction (id, created_at, interaction_type, product_id, user_id) VALUES (293, '2026-01-30 14:24:15.530235 +00:00', 'VIEW', 223, 4);
    INSERT INTO public.user_interaction (id, created_at, interaction_type, product_id, user_id) VALUES (668, '2026-02-23 07:31:54.037263 +00:00', 'PURCHASE', 180, 22);
    INSERT INTO public.user_interaction (id, created_at, interaction_type, product_id, user_id) VALUES (676, '2026-02-23 07:37:36.041990 +00:00', 'ADD_TO_CART', 250, 22);
    INSERT INTO public.user_interaction (id, created_at, interaction_type, product_id, user_id) VALUES (296, '2026-02-20 14:24:15.530235 +00:00', 'ADD_TO_CART', 157, 22);
    INSERT INTO public.user_interaction (id, created_at, interaction_type, product_id, user_id) VALUES (297, '2026-02-06 14:24:15.530235 +00:00', 'VIEW', 187, 11);
    INSERT INTO public.user_interaction (id, created_at, interaction_type, product_id, user_id) VALUES (679, '2026-02-23 07:47:43.013031 +00:00', 'ADD_TO_CART', 163, 22);
    INSERT INTO public.user_interaction (id, created_at, interaction_type, product_id, user_id) VALUES (299, '2026-02-15 14:24:15.530235 +00:00', 'ADD_TO_CART', 172, 5);
    INSERT INTO public.user_interaction (id, created_at, interaction_type, product_id, user_id) VALUES (686, '2026-02-23 08:09:51.018039 +00:00', 'ADD_TO_CART', 137, 22);
    INSERT INTO public.user_interaction (id, created_at, interaction_type, product_id, user_id) VALUES (689, '2026-02-23 08:22:17.452526 +00:00', 'ADD_TO_CART', 189, 22);
    INSERT INTO public.user_interaction (id, created_at, interaction_type, product_id, user_id) VALUES (302, '2026-01-23 14:24:15.530235 +00:00', 'ADD_TO_CART', 181, 16);
    INSERT INTO public.user_interaction (id, created_at, interaction_type, product_id, user_id) VALUES (303, '2026-02-13 14:24:15.530235 +00:00', 'ADD_TO_CART', 222, 4);
    INSERT INTO public.user_interaction (id, created_at, interaction_type, product_id, user_id) VALUES (304, '2026-01-26 14:24:15.530235 +00:00', 'PURCHASE', 172, 6);
    INSERT INTO public.user_interaction (id, created_at, interaction_type, product_id, user_id) VALUES (305, '2026-02-01 14:24:15.530235 +00:00', 'VIEW', 155, 3);
    INSERT INTO public.user_interaction (id, created_at, interaction_type, product_id, user_id) VALUES (690, '2026-02-23 08:22:28.512009 +00:00', 'ADD_TO_CART', 189, 22);
    INSERT INTO public.user_interaction (id, created_at, interaction_type, product_id, user_id) VALUES (307, '2026-02-05 14:24:15.530235 +00:00', 'PURCHASE', 189, 21);
    INSERT INTO public.user_interaction (id, created_at, interaction_type, product_id, user_id) VALUES (308, '2026-02-06 14:24:15.530235 +00:00', 'ADD_TO_CART', 151, 7);
    INSERT INTO public.user_interaction (id, created_at, interaction_type, product_id, user_id) VALUES (309, '2026-02-08 14:24:15.530235 +00:00', 'ADD_TO_CART', 138, 2);
    INSERT INTO public.user_interaction (id, created_at, interaction_type, product_id, user_id) VALUES (691, '2026-02-23 08:22:29.859963 +00:00', 'ADD_TO_CART', 189, 22);
    INSERT INTO public.user_interaction (id, created_at, interaction_type, product_id, user_id) VALUES (311, '2026-02-07 14:24:15.530235 +00:00', 'ADD_TO_CART', 157, 10);
    INSERT INTO public.user_interaction (id, created_at, interaction_type, product_id, user_id) VALUES (312, '2026-02-11 14:24:15.530235 +00:00', 'ADD_TO_CART', 155, 15);
    INSERT INTO public.user_interaction (id, created_at, interaction_type, product_id, user_id) VALUES (313, '2026-02-09 14:24:15.530235 +00:00', 'ADD_TO_CART', 196, 12);
    INSERT INTO public.user_interaction (id, created_at, interaction_type, product_id, user_id) VALUES (314, '2026-02-12 14:24:15.530235 +00:00', 'VIEW', 143, 15);
    INSERT INTO public.user_interaction (id, created_at, interaction_type, product_id, user_id) VALUES (315, '2026-02-11 14:24:15.530235 +00:00', 'PURCHASE', 137, 19);
    INSERT INTO public.user_interaction (id, created_at, interaction_type, product_id, user_id) VALUES (316, '2026-02-06 14:24:15.530235 +00:00', 'ADD_TO_CART', 190, 16);
    INSERT INTO public.user_interaction (id, created_at, interaction_type, product_id, user_id) VALUES (317, '2026-02-21 14:24:15.530235 +00:00', 'VIEW', 161, 19);
    INSERT INTO public.user_interaction (id, created_at, interaction_type, product_id, user_id) VALUES (318, '2026-02-07 14:24:15.530235 +00:00', 'VIEW', 137, 21);
    INSERT INTO public.user_interaction (id, created_at, interaction_type, product_id, user_id) VALUES (319, '2026-01-29 14:24:15.530235 +00:00', 'ADD_TO_CART', 223, 8);
    INSERT INTO public.user_interaction (id, created_at, interaction_type, product_id, user_id) VALUES (320, '2026-01-24 14:24:15.530235 +00:00', 'ADD_TO_CART', 225, 13);
    INSERT INTO public.user_interaction (id, created_at, interaction_type, product_id, user_id) VALUES (321, '2026-02-18 14:24:15.530235 +00:00', 'PURCHASE', 149, 10);
    INSERT INTO public.user_interaction (id, created_at, interaction_type, product_id, user_id) VALUES (322, '2026-02-11 14:24:15.530235 +00:00', 'VIEW', 187, 14);
    INSERT INTO public.user_interaction (id, created_at, interaction_type, product_id, user_id) VALUES (698, '2026-02-24 14:46:58.058300 +00:00', 'ADD_TO_CART', 216, 22);
    INSERT INTO public.user_interaction (id, created_at, interaction_type, product_id, user_id) VALUES (324, '2026-02-11 14:24:15.530235 +00:00', 'VIEW', 149, 3);
    INSERT INTO public.user_interaction (id, created_at, interaction_type, product_id, user_id) VALUES (325, '2026-02-12 14:24:15.530235 +00:00', 'ADD_TO_CART', 187, 10);
    INSERT INTO public.user_interaction (id, created_at, interaction_type, product_id, user_id) VALUES (326, '2026-01-28 14:24:15.530235 +00:00', 'ADD_TO_CART', 181, 14);
    INSERT INTO public.user_interaction (id, created_at, interaction_type, product_id, user_id) VALUES (327, '2026-02-02 14:24:15.530235 +00:00', 'ADD_TO_CART', 165, 21);
    INSERT INTO public.user_interaction (id, created_at, interaction_type, product_id, user_id) VALUES (328, '2026-02-10 14:24:15.530235 +00:00', 'ADD_TO_CART', 222, 19);
    INSERT INTO public.user_interaction (id, created_at, interaction_type, product_id, user_id) VALUES (700, '2026-02-24 14:47:50.705219 +00:00', 'ADD_TO_CART', 216, 22);
    INSERT INTO public.user_interaction (id, created_at, interaction_type, product_id, user_id) VALUES (703, '2026-02-24 14:51:27.516948 +00:00', 'ADD_TO_CART', 163, 22);
    INSERT INTO public.user_interaction (id, created_at, interaction_type, product_id, user_id) VALUES (713, '2026-02-24 15:06:25.633790 +00:00', 'ADD_TO_CART', 257, 22);
    INSERT INTO public.user_interaction (id, created_at, interaction_type, product_id, user_id) VALUES (714, '2026-02-24 15:06:26.822390 +00:00', 'ADD_TO_CART', 257, 22);
    INSERT INTO public.user_interaction (id, created_at, interaction_type, product_id, user_id) VALUES (333, '2026-02-07 14:24:15.530235 +00:00', 'PURCHASE', 182, 22);
    INSERT INTO public.user_interaction (id, created_at, interaction_type, product_id, user_id) VALUES (717, '2026-02-24 15:06:29.683213 +00:00', 'ADD_TO_CART', 257, 22);
    INSERT INTO public.user_interaction (id, created_at, interaction_type, product_id, user_id) VALUES (335, '2026-02-03 14:24:15.530235 +00:00', 'ADD_TO_CART', 160, 14);
    INSERT INTO public.user_interaction (id, created_at, interaction_type, product_id, user_id) VALUES (336, '2026-02-13 14:24:15.530235 +00:00', 'VIEW', 190, 13);
    INSERT INTO public.user_interaction (id, created_at, interaction_type, product_id, user_id) VALUES (722, '2026-02-24 15:06:30.955922 +00:00', 'ADD_TO_CART', 257, 22);
    INSERT INTO public.user_interaction (id, created_at, interaction_type, product_id, user_id) VALUES (338, '2026-02-19 14:24:15.530235 +00:00', 'ADD_TO_CART', 141, 19);
    INSERT INTO public.user_interaction (id, created_at, interaction_type, product_id, user_id) VALUES (339, '2026-01-26 14:24:15.530235 +00:00', 'VIEW', 167, 21);
    INSERT INTO public.user_interaction (id, created_at, interaction_type, product_id, user_id) VALUES (724, '2026-02-25 17:31:51.953977 +00:00', 'ADD_TO_CART', 164, 22);
    INSERT INTO public.user_interaction (id, created_at, interaction_type, product_id, user_id) VALUES (341, '2026-02-18 14:24:15.530235 +00:00', 'ADD_TO_CART', 183, 3);
    INSERT INTO public.user_interaction (id, created_at, interaction_type, product_id, user_id) VALUES (342, '2026-02-11 14:24:15.530235 +00:00', 'ADD_TO_CART', 167, 12);
    INSERT INTO public.user_interaction (id, created_at, interaction_type, product_id, user_id) VALUES (343, '2026-02-12 14:24:15.530235 +00:00', 'ADD_TO_CART', 191, 7);
    INSERT INTO public.user_interaction (id, created_at, interaction_type, product_id, user_id) VALUES (344, '2026-02-18 14:24:15.530235 +00:00', 'PURCHASE', 143, 18);
    INSERT INTO public.user_interaction (id, created_at, interaction_type, product_id, user_id) VALUES (738, '2026-02-28 17:35:55.145430 +00:00', 'ADD_TO_CART', 164, 22);
    INSERT INTO public.user_interaction (id, created_at, interaction_type, product_id, user_id) VALUES (346, '2026-02-07 14:24:15.530235 +00:00', 'ADD_TO_CART', 169, 14);
    INSERT INTO public.user_interaction (id, created_at, interaction_type, product_id, user_id) VALUES (347, '2026-02-18 14:24:15.530235 +00:00', 'ADD_TO_CART', 144, 11);
    INSERT INTO public.user_interaction (id, created_at, interaction_type, product_id, user_id) VALUES (745, '2026-02-28 18:38:02.918381 +00:00', 'ADD_TO_CART', 163, 22);
    INSERT INTO public.user_interaction (id, created_at, interaction_type, product_id, user_id) VALUES (349, '2026-02-13 14:24:15.530235 +00:00', 'VIEW', 178, 18);
    INSERT INTO public.user_interaction (id, created_at, interaction_type, product_id, user_id) VALUES (350, '2026-02-06 14:24:15.530235 +00:00', 'ADD_TO_CART', 220, 5);
    INSERT INTO public.user_interaction (id, created_at, interaction_type, product_id, user_id) VALUES (351, '2026-02-16 14:24:15.530235 +00:00', 'ADD_TO_CART', 189, 21);
    INSERT INTO public.user_interaction (id, created_at, interaction_type, product_id, user_id) VALUES (746, '2026-02-28 18:38:06.968613 +00:00', 'ADD_TO_CART', 163, 22);
    INSERT INTO public.user_interaction (id, created_at, interaction_type, product_id, user_id) VALUES (354, '2026-02-15 14:24:15.530235 +00:00', 'VIEW', 220, 5);
    INSERT INTO public.user_interaction (id, created_at, interaction_type, product_id, user_id) VALUES (645, '2026-02-21 16:40:44.881464 +00:00', 'ADD_TO_CART', 250, 22);
    INSERT INTO public.user_interaction (id, created_at, interaction_type, product_id, user_id) VALUES (646, '2026-02-21 16:40:45.442781 +00:00', 'ADD_TO_CART', 250, 22);
    INSERT INTO public.user_interaction (id, created_at, interaction_type, product_id, user_id) VALUES (647, '2026-02-21 16:40:45.956769 +00:00', 'ADD_TO_CART', 250, 22);
    INSERT INTO public.user_interaction (id, created_at, interaction_type, product_id, user_id) VALUES (358, '2026-02-03 14:24:15.530235 +00:00', 'VIEW', 164, 22);
    INSERT INTO public.user_interaction (id, created_at, interaction_type, product_id, user_id) VALUES (359, '2026-02-14 14:24:15.530235 +00:00', 'VIEW', 169, 11);
    INSERT INTO public.user_interaction (id, created_at, interaction_type, product_id, user_id) VALUES (360, '2026-02-08 14:24:15.530235 +00:00', 'VIEW', 189, 3);
    INSERT INTO public.user_interaction (id, created_at, interaction_type, product_id, user_id) VALUES (651, '2026-02-21 16:42:23.418760 +00:00', 'ADD_TO_CART', 255, 22);
    INSERT INTO public.user_interaction (id, created_at, interaction_type, product_id, user_id) VALUES (663, '2026-02-22 10:27:02.895992 +00:00', 'ADD_TO_CART', 252, 22);
    INSERT INTO public.user_interaction (id, created_at, interaction_type, product_id, user_id) VALUES (363, '2026-02-04 14:24:15.530235 +00:00', 'VIEW', 167, 13);
    INSERT INTO public.user_interaction (id, created_at, interaction_type, product_id, user_id) VALUES (364, '2026-02-06 14:24:15.530235 +00:00', 'ADD_TO_CART', 189, 21);
    INSERT INTO public.user_interaction (id, created_at, interaction_type, product_id, user_id) VALUES (365, '2026-02-01 14:24:15.530235 +00:00', 'ADD_TO_CART', 222, 13);
    INSERT INTO public.user_interaction (id, created_at, interaction_type, product_id, user_id) VALUES (669, '2026-02-23 07:35:37.098460 +00:00', 'ADD_TO_CART', 254, 22);
    INSERT INTO public.user_interaction (id, created_at, interaction_type, product_id, user_id) VALUES (671, '2026-02-23 07:36:56.925049 +00:00', 'ADD_TO_CART', 270, 22);
    INSERT INTO public.user_interaction (id, created_at, interaction_type, product_id, user_id) VALUES (672, '2026-02-23 07:37:05.850574 +00:00', 'ADD_TO_CART', 270, 22);
    INSERT INTO public.user_interaction (id, created_at, interaction_type, product_id, user_id) VALUES (369, '2026-02-02 14:24:15.530235 +00:00', 'ADD_TO_CART', 205, 19);
    INSERT INTO public.user_interaction (id, created_at, interaction_type, product_id, user_id) VALUES (370, '2026-02-13 14:24:15.530235 +00:00', 'ADD_TO_CART', 190, 21);
    INSERT INTO public.user_interaction (id, created_at, interaction_type, product_id, user_id) VALUES (371, '2026-02-13 14:24:15.530235 +00:00', 'ADD_TO_CART', 191, 4);
    INSERT INTO public.user_interaction (id, created_at, interaction_type, product_id, user_id) VALUES (372, '2026-02-16 14:24:15.530235 +00:00', 'ADD_TO_CART', 160, 10);
    INSERT INTO public.user_interaction (id, created_at, interaction_type, product_id, user_id) VALUES (673, '2026-02-23 07:37:14.152577 +00:00', 'ADD_TO_CART', 270, 22);
    INSERT INTO public.user_interaction (id, created_at, interaction_type, product_id, user_id) VALUES (374, '2026-01-26 14:24:15.530235 +00:00', 'VIEW', 169, 12);
    INSERT INTO public.user_interaction (id, created_at, interaction_type, product_id, user_id) VALUES (375, '2026-01-28 14:24:15.530235 +00:00', 'VIEW', 217, 2);
    INSERT INTO public.user_interaction (id, created_at, interaction_type, product_id, user_id) VALUES (376, '2026-02-03 14:24:15.530235 +00:00', 'VIEW', 169, 9);
    INSERT INTO public.user_interaction (id, created_at, interaction_type, product_id, user_id) VALUES (377, '2026-02-07 14:24:15.530235 +00:00', 'VIEW', 143, 8);
    INSERT INTO public.user_interaction (id, created_at, interaction_type, product_id, user_id) VALUES (378, '2026-02-19 14:24:15.530235 +00:00', 'ADD_TO_CART', 195, 13);
    INSERT INTO public.user_interaction (id, created_at, interaction_type, product_id, user_id) VALUES (379, '2026-02-15 14:24:15.530235 +00:00', 'VIEW', 195, 18);
    INSERT INTO public.user_interaction (id, created_at, interaction_type, product_id, user_id) VALUES (380, '2026-01-26 14:24:15.530235 +00:00', 'ADD_TO_CART', 195, 15);
    INSERT INTO public.user_interaction (id, created_at, interaction_type, product_id, user_id) VALUES (381, '2026-02-11 14:24:15.530235 +00:00', 'VIEW', 151, 5);
    INSERT INTO public.user_interaction (id, created_at, interaction_type, product_id, user_id) VALUES (382, '2026-01-26 14:24:15.530235 +00:00', 'ADD_TO_CART', 162, 20);
    INSERT INTO public.user_interaction (id, created_at, interaction_type, product_id, user_id) VALUES (383, '2026-02-19 14:24:15.530235 +00:00', 'VIEW', 141, 13);
    INSERT INTO public.user_interaction (id, created_at, interaction_type, product_id, user_id) VALUES (384, '2026-02-15 14:24:15.530235 +00:00', 'VIEW', 180, 6);
    INSERT INTO public.user_interaction (id, created_at, interaction_type, product_id, user_id) VALUES (385, '2026-02-18 14:24:15.530235 +00:00', 'VIEW', 164, 20);
    INSERT INTO public.user_interaction (id, created_at, interaction_type, product_id, user_id) VALUES (386, '2026-02-09 14:24:15.530235 +00:00', 'VIEW', 171, 3);
    INSERT INTO public.user_interaction (id, created_at, interaction_type, product_id, user_id) VALUES (387, '2026-02-03 14:24:15.530235 +00:00', 'ADD_TO_CART', 138, 16);
    INSERT INTO public.user_interaction (id, created_at, interaction_type, product_id, user_id) VALUES (388, '2026-02-19 14:24:15.530235 +00:00', 'PURCHASE', 217, 16);
    INSERT INTO public.user_interaction (id, created_at, interaction_type, product_id, user_id) VALUES (389, '2026-02-15 14:24:15.530235 +00:00', 'VIEW', 157, 10);
    INSERT INTO public.user_interaction (id, created_at, interaction_type, product_id, user_id) VALUES (683, '2026-02-23 08:08:46.781001 +00:00', 'ADD_TO_CART', 216, 22);
    INSERT INTO public.user_interaction (id, created_at, interaction_type, product_id, user_id) VALUES (391, '2026-02-13 14:24:15.530235 +00:00', 'ADD_TO_CART', 138, 1);
    INSERT INTO public.user_interaction (id, created_at, interaction_type, product_id, user_id) VALUES (692, '2026-02-23 08:29:02.499870 +00:00', 'ADD_TO_CART', 189, 22);
    INSERT INTO public.user_interaction (id, created_at, interaction_type, product_id, user_id) VALUES (393, '2026-02-20 14:24:15.530235 +00:00', 'ADD_TO_CART', 180, 17);
    INSERT INTO public.user_interaction (id, created_at, interaction_type, product_id, user_id) VALUES (699, '2026-02-24 14:46:58.605317 +00:00', 'ADD_TO_CART', 216, 22);
    INSERT INTO public.user_interaction (id, created_at, interaction_type, product_id, user_id) VALUES (395, '2026-02-09 14:24:15.530235 +00:00', 'VIEW', 190, 19);
    INSERT INTO public.user_interaction (id, created_at, interaction_type, product_id, user_id) VALUES (396, '2026-01-27 14:24:15.530235 +00:00', 'VIEW', 173, 1);
    INSERT INTO public.user_interaction (id, created_at, interaction_type, product_id, user_id) VALUES (397, '2026-01-24 14:24:15.530235 +00:00', 'VIEW', 170, 13);
    INSERT INTO public.user_interaction (id, created_at, interaction_type, product_id, user_id) VALUES (711, '2026-02-24 15:06:23.386356 +00:00', 'ADD_TO_CART', 257, 22);
    INSERT INTO public.user_interaction (id, created_at, interaction_type, product_id, user_id) VALUES (399, '2026-02-11 14:24:15.530235 +00:00', 'ADD_TO_CART', 166, 21);
    INSERT INTO public.user_interaction (id, created_at, interaction_type, product_id, user_id) VALUES (400, '2026-02-21 14:24:15.530235 +00:00', 'VIEW', 165, 16);
    INSERT INTO public.user_interaction (id, created_at, interaction_type, product_id, user_id) VALUES (401, '2026-01-25 14:24:15.530235 +00:00', 'VIEW', 141, 13);
    INSERT INTO public.user_interaction (id, created_at, interaction_type, product_id, user_id) VALUES (402, '2026-01-24 14:24:15.530235 +00:00', 'ADD_TO_CART', 163, 7);
    INSERT INTO public.user_interaction (id, created_at, interaction_type, product_id, user_id) VALUES (403, '2026-02-10 14:24:15.530235 +00:00', 'ADD_TO_CART', 163, 14);
    INSERT INTO public.user_interaction (id, created_at, interaction_type, product_id, user_id) VALUES (404, '2026-02-06 14:24:15.530235 +00:00', 'VIEW', 162, 10);
    INSERT INTO public.user_interaction (id, created_at, interaction_type, product_id, user_id) VALUES (405, '2026-02-14 14:24:15.530235 +00:00', 'ADD_TO_CART', 189, 2);
    INSERT INTO public.user_interaction (id, created_at, interaction_type, product_id, user_id) VALUES (406, '2026-01-23 14:24:15.530235 +00:00', 'ADD_TO_CART', 161, 9);
    INSERT INTO public.user_interaction (id, created_at, interaction_type, product_id, user_id) VALUES (715, '2026-02-24 15:06:27.651378 +00:00', 'ADD_TO_CART', 257, 22);
    INSERT INTO public.user_interaction (id, created_at, interaction_type, product_id, user_id) VALUES (408, '2026-02-01 14:24:15.530235 +00:00', 'ADD_TO_CART', 181, 13);
    INSERT INTO public.user_interaction (id, created_at, interaction_type, product_id, user_id) VALUES (409, '2026-01-29 14:24:15.530235 +00:00', 'VIEW', 163, 7);
    INSERT INTO public.user_interaction (id, created_at, interaction_type, product_id, user_id) VALUES (720, '2026-02-24 15:06:30.596272 +00:00', 'ADD_TO_CART', 257, 22);
    INSERT INTO public.user_interaction (id, created_at, interaction_type, product_id, user_id) VALUES (728, '2026-02-25 17:31:55.835626 +00:00', 'ADD_TO_CART', 164, 22);
    INSERT INTO public.user_interaction (id, created_at, interaction_type, product_id, user_id) VALUES (739, '2026-02-28 17:35:56.146954 +00:00', 'ADD_TO_CART', 257, 22);
    INSERT INTO public.user_interaction (id, created_at, interaction_type, product_id, user_id) VALUES (413, '2026-02-08 14:24:15.530235 +00:00', 'ADD_TO_CART', 178, 15);
    INSERT INTO public.user_interaction (id, created_at, interaction_type, product_id, user_id) VALUES (414, '2026-02-21 14:24:15.530235 +00:00', 'PURCHASE', 222, 21);
    INSERT INTO public.user_interaction (id, created_at, interaction_type, product_id, user_id) VALUES (740, '2026-02-28 17:44:08.805097 +00:00', 'ADD_TO_CART', 255, 22);
    INSERT INTO public.user_interaction (id, created_at, interaction_type, product_id, user_id) VALUES (743, '2026-02-28 17:44:13.670747 +00:00', 'ADD_TO_CART', 257, 22);
    INSERT INTO public.user_interaction (id, created_at, interaction_type, product_id, user_id) VALUES (744, '2026-02-28 17:45:58.246794 +00:00', 'ADD_TO_CART', 254, 22);
    INSERT INTO public.user_interaction (id, created_at, interaction_type, product_id, user_id) VALUES (418, '2026-02-08 14:24:15.530235 +00:00', 'ADD_TO_CART', 187, 12);
    INSERT INTO public.user_interaction (id, created_at, interaction_type, product_id, user_id) VALUES (747, '2026-02-28 20:43:55.190695 +00:00', 'ADD_TO_CART', 222, 22);
    INSERT INTO public.user_interaction (id, created_at, interaction_type, product_id, user_id) VALUES (420, '2026-02-21 14:24:15.530235 +00:00', 'ADD_TO_CART', 172, 9);
    INSERT INTO public.user_interaction (id, created_at, interaction_type, product_id, user_id) VALUES (421, '2026-02-19 14:24:15.530235 +00:00', 'VIEW', 170, 4);
    INSERT INTO public.user_interaction (id, created_at, interaction_type, product_id, user_id) VALUES (748, '2026-02-28 20:43:58.533163 +00:00', 'ADD_TO_CART', 250, 22);
    INSERT INTO public.user_interaction (id, created_at, interaction_type, product_id, user_id) VALUES (749, '2026-02-28 20:43:59.301715 +00:00', 'ADD_TO_CART', 250, 22);
    INSERT INTO public.user_interaction (id, created_at, interaction_type, product_id, user_id) VALUES (424, '2026-01-25 14:24:15.530235 +00:00', 'VIEW', 219, 21);
    INSERT INTO public.user_interaction (id, created_at, interaction_type, product_id, user_id) VALUES (750, '2026-02-28 20:44:01.176230 +00:00', 'ADD_TO_CART', 250, 22);
    INSERT INTO public.user_interaction (id, created_at, interaction_type, product_id, user_id) VALUES (426, '2026-02-05 14:24:15.530235 +00:00', 'ADD_TO_CART', 171, 7);
    INSERT INTO public.user_interaction (id, created_at, interaction_type, product_id, user_id) VALUES (427, '2026-02-15 14:24:15.530235 +00:00', 'ADD_TO_CART', 175, 6);
    INSERT INTO public.user_interaction (id, created_at, interaction_type, product_id, user_id) VALUES (754, '2026-02-28 21:22:42.017897 +00:00', 'ADD_TO_CART', 163, 22);
    INSERT INTO public.user_interaction (id, created_at, interaction_type, product_id, user_id) VALUES (429, '2026-02-04 14:24:15.530235 +00:00', 'VIEW', 167, 15);
    INSERT INTO public.user_interaction (id, created_at, interaction_type, product_id, user_id) VALUES (758, '2026-02-28 21:25:58.948654 +00:00', 'ADD_TO_CART', 163, 22);
    INSERT INTO public.user_interaction (id, created_at, interaction_type, product_id, user_id) VALUES (431, '2026-02-15 14:24:15.530235 +00:00', 'ADD_TO_CART', 143, 8);
    INSERT INTO public.user_interaction (id, created_at, interaction_type, product_id, user_id) VALUES (761, '2026-02-28 21:30:27.521256 +00:00', 'ADD_TO_CART', 189, 22);
    INSERT INTO public.user_interaction (id, created_at, interaction_type, product_id, user_id) VALUES (433, '2026-01-27 14:24:15.530235 +00:00', 'ADD_TO_CART', 222, 15);
    INSERT INTO public.user_interaction (id, created_at, interaction_type, product_id, user_id) VALUES (434, '2026-01-30 14:24:15.530235 +00:00', 'VIEW', 156, 13);
    INSERT INTO public.user_interaction (id, created_at, interaction_type, product_id, user_id) VALUES (435, '2026-02-05 14:24:15.530235 +00:00', 'ADD_TO_CART', 196, 12);
    INSERT INTO public.user_interaction (id, created_at, interaction_type, product_id, user_id) VALUES (764, '2026-02-28 21:30:33.450093 +00:00', 'ADD_TO_CART', 163, 22);
    INSERT INTO public.user_interaction (id, created_at, interaction_type, product_id, user_id) VALUES (437, '2026-02-18 14:24:15.530235 +00:00', 'PURCHASE', 153, 4);
    INSERT INTO public.user_interaction (id, created_at, interaction_type, product_id, user_id) VALUES (766, '2026-02-28 21:49:39.193767 +00:00', 'ADD_TO_CART', 167, 22);
    INSERT INTO public.user_interaction (id, created_at, interaction_type, product_id, user_id) VALUES (769, '2026-03-02 13:42:24.862862 +00:00', 'ADD_TO_CART', 171, 22);
    INSERT INTO public.user_interaction (id, created_at, interaction_type, product_id, user_id) VALUES (440, '2026-02-19 14:24:15.530235 +00:00', 'ADD_TO_CART', 217, 21);
    INSERT INTO public.user_interaction (id, created_at, interaction_type, product_id, user_id) VALUES (775, '2026-03-02 14:35:44.845123 +00:00', 'ADD_TO_CART', 182, 22);
    INSERT INTO public.user_interaction (id, created_at, interaction_type, product_id, user_id) VALUES (442, '2026-02-05 14:24:15.530235 +00:00', 'ADD_TO_CART', 158, 15);
    INSERT INTO public.user_interaction (id, created_at, interaction_type, product_id, user_id) VALUES (443, '2026-02-07 14:24:15.530235 +00:00', 'ADD_TO_CART', 159, 6);
    INSERT INTO public.user_interaction (id, created_at, interaction_type, product_id, user_id) VALUES (444, '2026-02-11 14:24:19.037645 +00:00', 'VIEW', 148, 19);
    INSERT INTO public.user_interaction (id, created_at, interaction_type, product_id, user_id) VALUES (445, '2026-02-11 14:24:19.037645 +00:00', 'ADD_TO_CART', 155, 2);
    INSERT INTO public.user_interaction (id, created_at, interaction_type, product_id, user_id) VALUES (446, '2026-02-07 14:24:19.037645 +00:00', 'ADD_TO_CART', 155, 8);
    INSERT INTO public.user_interaction (id, created_at, interaction_type, product_id, user_id) VALUES (777, '2026-03-02 14:47:12.106902 +00:00', 'ADD_TO_CART', 257, 22);
    INSERT INTO public.user_interaction (id, created_at, interaction_type, product_id, user_id) VALUES (448, '2026-01-24 14:24:19.037645 +00:00', 'ADD_TO_CART', 151, 22);
    INSERT INTO public.user_interaction (id, created_at, interaction_type, product_id, user_id) VALUES (778, '2026-03-02 14:47:12.421285 +00:00', 'ADD_TO_CART', 258, 22);
    INSERT INTO public.user_interaction (id, created_at, interaction_type, product_id, user_id) VALUES (450, '2026-02-03 14:24:19.037645 +00:00', 'VIEW', 177, 4);
    INSERT INTO public.user_interaction (id, created_at, interaction_type, product_id, user_id) VALUES (451, '2026-02-15 14:24:19.037645 +00:00', 'VIEW', 141, 4);
    INSERT INTO public.user_interaction (id, created_at, interaction_type, product_id, user_id) VALUES (452, '2026-01-29 14:24:19.037645 +00:00', 'VIEW', 221, 19);
    INSERT INTO public.user_interaction (id, created_at, interaction_type, product_id, user_id) VALUES (453, '2026-01-26 14:24:19.037645 +00:00', 'ADD_TO_CART', 149, 7);
    INSERT INTO public.user_interaction (id, created_at, interaction_type, product_id, user_id) VALUES (779, '2026-03-02 14:47:12.957132 +00:00', 'ADD_TO_CART', 259, 22);
    INSERT INTO public.user_interaction (id, created_at, interaction_type, product_id, user_id) VALUES (455, '2026-01-26 14:24:19.037645 +00:00', 'VIEW', 224, 1);
    INSERT INTO public.user_interaction (id, created_at, interaction_type, product_id, user_id) VALUES (781, '2026-03-02 14:47:15.694937 +00:00', 'ADD_TO_CART', 216, 22);
    INSERT INTO public.user_interaction (id, created_at, interaction_type, product_id, user_id) VALUES (457, '2026-02-11 14:24:19.037645 +00:00', 'ADD_TO_CART', 161, 14);
    INSERT INTO public.user_interaction (id, created_at, interaction_type, product_id, user_id) VALUES (458, '2026-01-27 14:24:19.037645 +00:00', 'ADD_TO_CART', 182, 3);
    INSERT INTO public.user_interaction (id, created_at, interaction_type, product_id, user_id) VALUES (459, '2026-02-20 14:24:19.037645 +00:00', 'ADD_TO_CART', 189, 11);
    INSERT INTO public.user_interaction (id, created_at, interaction_type, product_id, user_id) VALUES (460, '2026-02-13 14:24:19.037645 +00:00', 'ADD_TO_CART', 163, 15);
    INSERT INTO public.user_interaction (id, created_at, interaction_type, product_id, user_id) VALUES (782, '2026-03-02 14:47:20.973545 +00:00', 'PURCHASE', 257, 22);
    INSERT INTO public.user_interaction (id, created_at, interaction_type, product_id, user_id) VALUES (783, '2026-03-02 14:47:20.979941 +00:00', 'PURCHASE', 258, 22);
    INSERT INTO public.user_interaction (id, created_at, interaction_type, product_id, user_id) VALUES (784, '2026-03-02 14:47:20.985153 +00:00', 'PURCHASE', 259, 22);
    INSERT INTO public.user_interaction (id, created_at, interaction_type, product_id, user_id) VALUES (464, '2026-02-13 14:24:19.037645 +00:00', 'ADD_TO_CART', 144, 3);
    INSERT INTO public.user_interaction (id, created_at, interaction_type, product_id, user_id) VALUES (467, '2026-01-31 14:24:19.037645 +00:00', 'VIEW', 164, 10);
    INSERT INTO public.user_interaction (id, created_at, interaction_type, product_id, user_id) VALUES (468, '2026-02-15 14:24:19.037645 +00:00', 'ADD_TO_CART', 173, 10);
    INSERT INTO public.user_interaction (id, created_at, interaction_type, product_id, user_id) VALUES (469, '2026-02-05 14:24:19.037645 +00:00', 'PURCHASE', 172, 15);
    INSERT INTO public.user_interaction (id, created_at, interaction_type, product_id, user_id) VALUES (648, '2026-02-21 16:40:46.554848 +00:00', 'ADD_TO_CART', 250, 22);
    INSERT INTO public.user_interaction (id, created_at, interaction_type, product_id, user_id) VALUES (471, '2026-02-16 14:24:19.037645 +00:00', 'VIEW', 190, 21);
    INSERT INTO public.user_interaction (id, created_at, interaction_type, product_id, user_id) VALUES (472, '2026-02-12 14:24:19.037645 +00:00', 'ADD_TO_CART', 177, 17);
    INSERT INTO public.user_interaction (id, created_at, interaction_type, product_id, user_id) VALUES (659, '2026-02-21 17:20:16.732366 +00:00', 'ADD_TO_CART', 189, 22);
    INSERT INTO public.user_interaction (id, created_at, interaction_type, product_id, user_id) VALUES (474, '2026-02-11 14:24:19.037645 +00:00', 'ADD_TO_CART', 224, 22);
    INSERT INTO public.user_interaction (id, created_at, interaction_type, product_id, user_id) VALUES (475, '2026-02-15 14:24:19.037645 +00:00', 'VIEW', 141, 22);
    INSERT INTO public.user_interaction (id, created_at, interaction_type, product_id, user_id) VALUES (664, '2026-02-23 07:20:13.595500 +00:00', 'ADD_TO_CART', 170, 22);
    INSERT INTO public.user_interaction (id, created_at, interaction_type, product_id, user_id) VALUES (477, '2026-02-05 14:24:19.037645 +00:00', 'VIEW', 191, 14);
    INSERT INTO public.user_interaction (id, created_at, interaction_type, product_id, user_id) VALUES (675, '2026-02-23 07:37:29.869647 +00:00', 'ADD_TO_CART', 216, 22);
    INSERT INTO public.user_interaction (id, created_at, interaction_type, product_id, user_id) VALUES (479, '2026-01-27 14:24:19.037645 +00:00', 'VIEW', 153, 17);
    INSERT INTO public.user_interaction (id, created_at, interaction_type, product_id, user_id) VALUES (480, '2026-02-01 14:24:19.037645 +00:00', 'VIEW', 176, 3);
    INSERT INTO public.user_interaction (id, created_at, interaction_type, product_id, user_id) VALUES (481, '2026-02-07 14:24:19.037645 +00:00', 'VIEW', 187, 20);
    INSERT INTO public.user_interaction (id, created_at, interaction_type, product_id, user_id) VALUES (482, '2026-02-17 14:24:19.037645 +00:00', 'PURCHASE', 178, 21);
    INSERT INTO public.user_interaction (id, created_at, interaction_type, product_id, user_id) VALUES (483, '2026-02-01 14:24:19.037645 +00:00', 'ADD_TO_CART', 216, 10);
    INSERT INTO public.user_interaction (id, created_at, interaction_type, product_id, user_id) VALUES (484, '2026-01-29 14:24:19.037645 +00:00', 'VIEW', 196, 3);
    INSERT INTO public.user_interaction (id, created_at, interaction_type, product_id, user_id) VALUES (687, '2026-02-23 08:09:56.697452 +00:00', 'ADD_TO_CART', 189, 22);
    INSERT INTO public.user_interaction (id, created_at, interaction_type, product_id, user_id) VALUES (693, '2026-02-23 08:30:37.620717 +00:00', 'ADD_TO_CART', 189, 22);
    INSERT INTO public.user_interaction (id, created_at, interaction_type, product_id, user_id) VALUES (487, '2026-02-07 14:24:19.037645 +00:00', 'ADD_TO_CART', 160, 3);
    INSERT INTO public.user_interaction (id, created_at, interaction_type, product_id, user_id) VALUES (488, '2026-02-14 14:24:19.037645 +00:00', 'VIEW', 142, 16);
    INSERT INTO public.user_interaction (id, created_at, interaction_type, product_id, user_id) VALUES (695, '2026-02-23 08:32:11.409973 +00:00', 'ADD_TO_CART', 258, 22);
    INSERT INTO public.user_interaction (id, created_at, interaction_type, product_id, user_id) VALUES (490, '2026-02-15 14:24:19.037645 +00:00', 'ADD_TO_CART', 163, 21);
    INSERT INTO public.user_interaction (id, created_at, interaction_type, product_id, user_id) VALUES (491, '2026-02-19 14:24:19.037645 +00:00', 'VIEW', 183, 21);
    INSERT INTO public.user_interaction (id, created_at, interaction_type, product_id, user_id) VALUES (492, '2026-02-21 14:24:19.037645 +00:00', 'VIEW', 196, 13);
    INSERT INTO public.user_interaction (id, created_at, interaction_type, product_id, user_id) VALUES (493, '2026-01-27 14:24:19.037645 +00:00', 'VIEW', 155, 10);
    INSERT INTO public.user_interaction (id, created_at, interaction_type, product_id, user_id) VALUES (696, '2026-02-23 08:32:14.226269 +00:00', 'ADD_TO_CART', 250, 22);
    INSERT INTO public.user_interaction (id, created_at, interaction_type, product_id, user_id) VALUES (495, '2026-02-10 14:24:19.037645 +00:00', 'VIEW', 177, 12);
    INSERT INTO public.user_interaction (id, created_at, interaction_type, product_id, user_id) VALUES (496, '2026-01-27 14:24:19.037645 +00:00', 'VIEW', 147, 1);
    INSERT INTO public.user_interaction (id, created_at, interaction_type, product_id, user_id) VALUES (497, '2026-02-16 14:24:19.037645 +00:00', 'VIEW', 161, 6);
    INSERT INTO public.user_interaction (id, created_at, interaction_type, product_id, user_id) VALUES (498, '2026-01-24 14:24:19.037645 +00:00', 'ADD_TO_CART', 205, 20);
    INSERT INTO public.user_interaction (id, created_at, interaction_type, product_id, user_id) VALUES (499, '2026-02-10 14:24:19.037645 +00:00', 'ADD_TO_CART', 178, 5);
    INSERT INTO public.user_interaction (id, created_at, interaction_type, product_id, user_id) VALUES (500, '2026-02-08 14:24:19.037645 +00:00', 'ADD_TO_CART', 194, 21);
    INSERT INTO public.user_interaction (id, created_at, interaction_type, product_id, user_id) VALUES (501, '2026-02-19 14:24:19.037645 +00:00', 'VIEW', 187, 20);
    INSERT INTO public.user_interaction (id, created_at, interaction_type, product_id, user_id) VALUES (701, '2026-02-24 14:51:25.969894 +00:00', 'ADD_TO_CART', 163, 22);
    INSERT INTO public.user_interaction (id, created_at, interaction_type, product_id, user_id) VALUES (503, '2026-02-14 14:24:19.037645 +00:00', 'PURCHASE', 166, 20);
    INSERT INTO public.user_interaction (id, created_at, interaction_type, product_id, user_id) VALUES (705, '2026-02-24 14:51:28.569446 +00:00', 'ADD_TO_CART', 163, 22);
    INSERT INTO public.user_interaction (id, created_at, interaction_type, product_id, user_id) VALUES (706, '2026-02-24 14:51:28.957635 +00:00', 'ADD_TO_CART', 163, 22);
    INSERT INTO public.user_interaction (id, created_at, interaction_type, product_id, user_id) VALUES (708, '2026-02-24 14:51:30.118550 +00:00', 'ADD_TO_CART', 216, 22);
    INSERT INTO public.user_interaction (id, created_at, interaction_type, product_id, user_id) VALUES (507, '2026-02-21 14:24:19.037645 +00:00', 'VIEW', 219, 12);
    INSERT INTO public.user_interaction (id, created_at, interaction_type, product_id, user_id) VALUES (709, '2026-02-24 14:53:50.026684 +00:00', 'ADD_TO_CART', 216, 22);
    INSERT INTO public.user_interaction (id, created_at, interaction_type, product_id, user_id) VALUES (509, '2026-02-16 14:24:19.037645 +00:00', 'ADD_TO_CART', 182, 21);
    INSERT INTO public.user_interaction (id, created_at, interaction_type, product_id, user_id) VALUES (510, '2026-02-01 14:24:19.037645 +00:00', 'VIEW', 149, 15);
    INSERT INTO public.user_interaction (id, created_at, interaction_type, product_id, user_id) VALUES (511, '2026-02-13 14:24:19.037645 +00:00', 'VIEW', 165, 20);
    INSERT INTO public.user_interaction (id, created_at, interaction_type, product_id, user_id) VALUES (512, '2026-02-18 14:24:19.037645 +00:00', 'ADD_TO_CART', 220, 21);
    INSERT INTO public.user_interaction (id, created_at, interaction_type, product_id, user_id) VALUES (710, '2026-02-24 15:06:21.312321 +00:00', 'ADD_TO_CART', 216, 22);
    INSERT INTO public.user_interaction (id, created_at, interaction_type, product_id, user_id) VALUES (514, '2026-02-17 14:24:19.037645 +00:00', 'PURCHASE', 182, 18);
    INSERT INTO public.user_interaction (id, created_at, interaction_type, product_id, user_id) VALUES (515, '2026-02-15 14:24:19.037645 +00:00', 'VIEW', 176, 13);
    INSERT INTO public.user_interaction (id, created_at, interaction_type, product_id, user_id) VALUES (712, '2026-02-24 15:06:24.264139 +00:00', 'ADD_TO_CART', 257, 22);
    INSERT INTO public.user_interaction (id, created_at, interaction_type, product_id, user_id) VALUES (517, '2026-02-03 14:24:19.037645 +00:00', 'ADD_TO_CART', 166, 6);
    INSERT INTO public.user_interaction (id, created_at, interaction_type, product_id, user_id) VALUES (518, '2026-01-30 14:24:19.037645 +00:00', 'VIEW', 195, 12);
    INSERT INTO public.user_interaction (id, created_at, interaction_type, product_id, user_id) VALUES (519, '2026-02-19 14:24:19.037645 +00:00', 'ADD_TO_CART', 161, 20);
    INSERT INTO public.user_interaction (id, created_at, interaction_type, product_id, user_id) VALUES (716, '2026-02-24 15:06:28.701140 +00:00', 'ADD_TO_CART', 257, 22);
    INSERT INTO public.user_interaction (id, created_at, interaction_type, product_id, user_id) VALUES (521, '2026-01-24 14:24:19.037645 +00:00', 'ADD_TO_CART', 182, 7);
    INSERT INTO public.user_interaction (id, created_at, interaction_type, product_id, user_id) VALUES (522, '2026-02-11 14:24:19.037645 +00:00', 'PURCHASE', 197, 2);
    INSERT INTO public.user_interaction (id, created_at, interaction_type, product_id, user_id) VALUES (523, '2026-02-03 14:24:19.037645 +00:00', 'VIEW', 171, 9);
    INSERT INTO public.user_interaction (id, created_at, interaction_type, product_id, user_id) VALUES (719, '2026-02-24 15:06:30.388917 +00:00', 'ADD_TO_CART', 257, 22);
    INSERT INTO public.user_interaction (id, created_at, interaction_type, product_id, user_id) VALUES (525, '2026-01-28 14:24:19.037645 +00:00', 'VIEW', 147, 7);
    INSERT INTO public.user_interaction (id, created_at, interaction_type, product_id, user_id) VALUES (526, '2026-01-30 14:24:19.037645 +00:00', 'VIEW', 158, 9);
    INSERT INTO public.user_interaction (id, created_at, interaction_type, product_id, user_id) VALUES (527, '2026-02-10 14:24:19.037645 +00:00', 'ADD_TO_CART', 143, 2);
    INSERT INTO public.user_interaction (id, created_at, interaction_type, product_id, user_id) VALUES (528, '2026-02-08 14:24:19.037645 +00:00', 'ADD_TO_CART', 138, 13);
    INSERT INTO public.user_interaction (id, created_at, interaction_type, product_id, user_id) VALUES (529, '2026-01-29 14:24:19.037645 +00:00', 'ADD_TO_CART', 166, 4);
    INSERT INTO public.user_interaction (id, created_at, interaction_type, product_id, user_id) VALUES (721, '2026-02-24 15:06:30.756328 +00:00', 'ADD_TO_CART', 257, 22);
    INSERT INTO public.user_interaction (id, created_at, interaction_type, product_id, user_id) VALUES (531, '2026-01-23 14:24:19.037645 +00:00', 'ADD_TO_CART', 180, 19);
    INSERT INTO public.user_interaction (id, created_at, interaction_type, product_id, user_id) VALUES (532, '2026-01-25 14:24:19.037645 +00:00', 'ADD_TO_CART', 223, 17);
    INSERT INTO public.user_interaction (id, created_at, interaction_type, product_id, user_id) VALUES (533, '2026-02-12 14:24:19.037645 +00:00', 'ADD_TO_CART', 167, 15);
    INSERT INTO public.user_interaction (id, created_at, interaction_type, product_id, user_id) VALUES (730, '2026-02-26 12:42:58.185587 +00:00', 'PURCHASE', 216, 22);
    INSERT INTO public.user_interaction (id, created_at, interaction_type, product_id, user_id) VALUES (535, '2026-02-05 14:24:19.037645 +00:00', 'ADD_TO_CART', 158, 22);
    INSERT INTO public.user_interaction (id, created_at, interaction_type, product_id, user_id) VALUES (536, '2026-02-04 14:24:19.037645 +00:00', 'PURCHASE', 163, 21);
    INSERT INTO public.user_interaction (id, created_at, interaction_type, product_id, user_id) VALUES (537, '2026-02-11 14:24:19.037645 +00:00', 'ADD_TO_CART', 167, 12);
    INSERT INTO public.user_interaction (id, created_at, interaction_type, product_id, user_id) VALUES (731, '2026-02-26 12:42:58.218029 +00:00', 'PURCHASE', 257, 22);
    INSERT INTO public.user_interaction (id, created_at, interaction_type, product_id, user_id) VALUES (732, '2026-02-26 12:42:58.220591 +00:00', 'PURCHASE', 164, 22);
    INSERT INTO public.user_interaction (id, created_at, interaction_type, product_id, user_id) VALUES (733, '2026-02-26 12:42:58.222675 +00:00', 'PURCHASE', 137, 22);
    INSERT INTO public.user_interaction (id, created_at, interaction_type, product_id, user_id) VALUES (541, '2026-02-18 14:24:19.037645 +00:00', 'VIEW', 157, 3);
    INSERT INTO public.user_interaction (id, created_at, interaction_type, product_id, user_id) VALUES (542, '2026-02-07 14:24:19.037645 +00:00', 'VIEW', 219, 6);
    INSERT INTO public.user_interaction (id, created_at, interaction_type, product_id, user_id) VALUES (734, '2026-02-26 12:42:58.225243 +00:00', 'PURCHASE', 258, 22);
    INSERT INTO public.user_interaction (id, created_at, interaction_type, product_id, user_id) VALUES (544, '2026-01-27 14:24:19.037645 +00:00', 'VIEW', 157, 11);
    INSERT INTO public.user_interaction (id, created_at, interaction_type, product_id, user_id) VALUES (735, '2026-02-26 12:42:58.228459 +00:00', 'PURCHASE', 250, 22);
    INSERT INTO public.user_interaction (id, created_at, interaction_type, product_id, user_id) VALUES (546, '2026-02-15 14:24:19.037645 +00:00', 'VIEW', 155, 10);
    INSERT INTO public.user_interaction (id, created_at, interaction_type, product_id, user_id) VALUES (547, '2026-02-08 14:24:19.037645 +00:00', 'PURCHASE', 219, 18);
    INSERT INTO public.user_interaction (id, created_at, interaction_type, product_id, user_id) VALUES (548, '2026-02-13 14:24:19.037645 +00:00', 'ADD_TO_CART', 190, 18);
    INSERT INTO public.user_interaction (id, created_at, interaction_type, product_id, user_id) VALUES (736, '2026-02-26 12:42:58.230664 +00:00', 'PURCHASE', 256, 22);
    INSERT INTO public.user_interaction (id, created_at, interaction_type, product_id, user_id) VALUES (550, '2026-01-29 14:24:19.037645 +00:00', 'VIEW', 182, 1);
    INSERT INTO public.user_interaction (id, created_at, interaction_type, product_id, user_id) VALUES (741, '2026-02-28 17:44:10.329078 +00:00', 'ADD_TO_CART', 255, 22);
    INSERT INTO public.user_interaction (id, created_at, interaction_type, product_id, user_id) VALUES (751, '2026-02-28 20:44:03.722073 +00:00', 'ADD_TO_CART', 178, 22);
    INSERT INTO public.user_interaction (id, created_at, interaction_type, product_id, user_id) VALUES (757, '2026-02-28 21:23:58.413731 +00:00', 'ADD_TO_CART', 189, 22);
    INSERT INTO public.user_interaction (id, created_at, interaction_type, product_id, user_id) VALUES (554, '2026-02-20 14:24:19.037645 +00:00', 'ADD_TO_CART', 191, 16);
    INSERT INTO public.user_interaction (id, created_at, interaction_type, product_id, user_id) VALUES (762, '2026-02-28 21:30:28.722579 +00:00', 'ADD_TO_CART', 163, 22);
    INSERT INTO public.user_interaction (id, created_at, interaction_type, product_id, user_id) VALUES (556, '2026-02-12 14:24:19.037645 +00:00', 'VIEW', 225, 4);
    INSERT INTO public.user_interaction (id, created_at, interaction_type, product_id, user_id) VALUES (557, '2026-01-27 14:24:19.037645 +00:00', 'PURCHASE', 224, 12);
    INSERT INTO public.user_interaction (id, created_at, interaction_type, product_id, user_id) VALUES (558, '2026-02-19 14:24:19.037645 +00:00', 'ADD_TO_CART', 223, 21);
    INSERT INTO public.user_interaction (id, created_at, interaction_type, product_id, user_id) VALUES (559, '2026-02-06 14:24:19.037645 +00:00', 'VIEW', 138, 17);
    INSERT INTO public.user_interaction (id, created_at, interaction_type, product_id, user_id) VALUES (560, '2026-02-16 14:24:19.037645 +00:00', 'ADD_TO_CART', 196, 7);
    INSERT INTO public.user_interaction (id, created_at, interaction_type, product_id, user_id) VALUES (561, '2026-01-23 14:24:19.037645 +00:00', 'VIEW', 220, 7);
    INSERT INTO public.user_interaction (id, created_at, interaction_type, product_id, user_id) VALUES (562, '2026-01-25 14:24:19.037645 +00:00', 'VIEW', 176, 18);
    INSERT INTO public.user_interaction (id, created_at, interaction_type, product_id, user_id) VALUES (563, '2026-02-09 14:24:19.037645 +00:00', 'ADD_TO_CART', 190, 20);
    INSERT INTO public.user_interaction (id, created_at, interaction_type, product_id, user_id) VALUES (564, '2026-02-07 14:24:19.037645 +00:00', 'ADD_TO_CART', 166, 9);
    INSERT INTO public.user_interaction (id, created_at, interaction_type, product_id, user_id) VALUES (565, '2026-02-13 14:24:19.037645 +00:00', 'ADD_TO_CART', 169, 11);
    INSERT INTO public.user_interaction (id, created_at, interaction_type, product_id, user_id) VALUES (566, '2026-02-01 14:24:19.037645 +00:00', 'ADD_TO_CART', 169, 17);
    INSERT INTO public.user_interaction (id, created_at, interaction_type, product_id, user_id) VALUES (567, '2026-02-17 14:24:19.037645 +00:00', 'PURCHASE', 188, 9);
    INSERT INTO public.user_interaction (id, created_at, interaction_type, product_id, user_id) VALUES (568, '2026-01-24 14:24:19.037645 +00:00', 'VIEW', 161, 7);
    INSERT INTO public.user_interaction (id, created_at, interaction_type, product_id, user_id) VALUES (569, '2026-01-24 14:24:19.037645 +00:00', 'VIEW', 188, 19);
    INSERT INTO public.user_interaction (id, created_at, interaction_type, product_id, user_id) VALUES (570, '2026-02-12 14:24:19.037645 +00:00', 'PURCHASE', 182, 21);
    INSERT INTO public.user_interaction (id, created_at, interaction_type, product_id, user_id) VALUES (765, '2026-02-28 21:45:00.582557 +00:00', 'ADD_TO_CART', 163, 22);
    INSERT INTO public.user_interaction (id, created_at, interaction_type, product_id, user_id) VALUES (767, '2026-03-02 08:42:32.814584 +00:00', 'ADD_TO_CART', 257, 22);
    INSERT INTO public.user_interaction (id, created_at, interaction_type, product_id, user_id) VALUES (770, '2026-03-02 14:23:11.039297 +00:00', 'PURCHASE', 257, 22);
    INSERT INTO public.user_interaction (id, created_at, interaction_type, product_id, user_id) VALUES (574, '2026-02-02 14:24:19.037645 +00:00', 'VIEW', 160, 10);
    INSERT INTO public.user_interaction (id, created_at, interaction_type, product_id, user_id) VALUES (771, '2026-03-02 14:23:11.072865 +00:00', 'PURCHASE', 163, 22);
    INSERT INTO public.user_interaction (id, created_at, interaction_type, product_id, user_id) VALUES (576, '2026-02-06 14:24:19.037645 +00:00', 'VIEW', 158, 16);
    INSERT INTO public.user_interaction (id, created_at, interaction_type, product_id, user_id) VALUES (578, '2026-02-05 14:24:19.037645 +00:00', 'ADD_TO_CART', 216, 3);
    INSERT INTO public.user_interaction (id, created_at, interaction_type, product_id, user_id) VALUES (579, '2026-02-18 14:24:19.037645 +00:00', 'PURCHASE', 217, 16);
    INSERT INTO public.user_interaction (id, created_at, interaction_type, product_id, user_id) VALUES (580, '2026-01-27 14:24:19.037645 +00:00', 'ADD_TO_CART', 205, 19);
    INSERT INTO public.user_interaction (id, created_at, interaction_type, product_id, user_id) VALUES (581, '2026-02-21 14:24:19.037645 +00:00', 'ADD_TO_CART', 161, 15);
    INSERT INTO public.user_interaction (id, created_at, interaction_type, product_id, user_id) VALUES (582, '2026-02-17 14:24:19.037645 +00:00', 'ADD_TO_CART', 183, 8);
    INSERT INTO public.user_interaction (id, created_at, interaction_type, product_id, user_id) VALUES (583, '2026-02-02 14:24:19.037645 +00:00', 'ADD_TO_CART', 181, 8);
    INSERT INTO public.user_interaction (id, created_at, interaction_type, product_id, user_id) VALUES (584, '2026-02-17 14:24:19.037645 +00:00', 'ADD_TO_CART', 170, 10);
    INSERT INTO public.user_interaction (id, created_at, interaction_type, product_id, user_id) VALUES (585, '2026-02-19 14:24:19.037645 +00:00', 'ADD_TO_CART', 217, 2);
    INSERT INTO public.user_interaction (id, created_at, interaction_type, product_id, user_id) VALUES (586, '2026-02-02 14:24:19.037645 +00:00', 'PURCHASE', 138, 9);
    INSERT INTO public.user_interaction (id, created_at, interaction_type, product_id, user_id) VALUES (587, '2026-02-13 14:24:19.037645 +00:00', 'ADD_TO_CART', 187, 14);
    INSERT INTO public.user_interaction (id, created_at, interaction_type, product_id, user_id) VALUES (588, '2026-02-15 14:24:19.037645 +00:00', 'PURCHASE', 167, 20);
    INSERT INTO public.user_interaction (id, created_at, interaction_type, product_id, user_id) VALUES (649, '2026-02-21 16:42:22.566160 +00:00', 'ADD_TO_CART', 252, 22);
    INSERT INTO public.user_interaction (id, created_at, interaction_type, product_id, user_id) VALUES (660, '2026-02-21 17:20:24.685499 +00:00', 'PURCHASE', 189, 22);
    INSERT INTO public.user_interaction (id, created_at, interaction_type, product_id, user_id) VALUES (665, '2026-02-23 07:31:43.822296 +00:00', 'ADD_TO_CART', 180, 22);
    INSERT INTO public.user_interaction (id, created_at, interaction_type, product_id, user_id) VALUES (670, '2026-02-23 07:35:38.333825 +00:00', 'ADD_TO_CART', 254, 22);
    INSERT INTO public.user_interaction (id, created_at, interaction_type, product_id, user_id) VALUES (674, '2026-02-23 07:37:21.923606 +00:00', 'ADD_TO_CART', 163, 22);
    INSERT INTO public.user_interaction (id, created_at, interaction_type, product_id, user_id) VALUES (677, '2026-02-23 07:47:27.950181 +00:00', 'ADD_TO_CART', 216, 22);
    INSERT INTO public.user_interaction (id, created_at, interaction_type, product_id, user_id) VALUES (595, '2026-01-30 14:24:19.037645 +00:00', 'PURCHASE', 143, 13);
    INSERT INTO public.user_interaction (id, created_at, interaction_type, product_id, user_id) VALUES (678, '2026-02-23 07:47:32.044358 +00:00', 'ADD_TO_CART', 216, 22);
    INSERT INTO public.user_interaction (id, created_at, interaction_type, product_id, user_id) VALUES (680, '2026-02-23 07:50:46.814477 +00:00', 'ADD_TO_CART', 271, 22);
    INSERT INTO public.user_interaction (id, created_at, interaction_type, product_id, user_id) VALUES (681, '2026-02-23 08:08:37.170810 +00:00', 'ADD_TO_CART', 216, 22);
    INSERT INTO public.user_interaction (id, created_at, interaction_type, product_id, user_id) VALUES (682, '2026-02-23 08:08:42.133259 +00:00', 'ADD_TO_CART', 163, 22);
    INSERT INTO public.user_interaction (id, created_at, interaction_type, product_id, user_id) VALUES (600, '2026-02-14 14:24:19.037645 +00:00', 'VIEW', 189, 2);
    INSERT INTO public.user_interaction (id, created_at, interaction_type, product_id, user_id) VALUES (601, '2026-02-09 14:24:19.037645 +00:00', 'ADD_TO_CART', 137, 12);
    INSERT INTO public.user_interaction (id, created_at, interaction_type, product_id, user_id) VALUES (602, '2026-02-21 14:24:19.037645 +00:00', 'ADD_TO_CART', 167, 2);
    INSERT INTO public.user_interaction (id, created_at, interaction_type, product_id, user_id) VALUES (603, '2026-02-05 14:24:19.037645 +00:00', 'ADD_TO_CART', 216, 18);
    INSERT INTO public.user_interaction (id, created_at, interaction_type, product_id, user_id) VALUES (684, '2026-02-23 08:08:52.683069 +00:00', 'ADD_TO_CART', 167, 22);
    INSERT INTO public.user_interaction (id, created_at, interaction_type, product_id, user_id) VALUES (605, '2026-02-18 14:24:19.037645 +00:00', 'ADD_TO_CART', 224, 2);
    INSERT INTO public.user_interaction (id, created_at, interaction_type, product_id, user_id) VALUES (685, '2026-02-23 08:08:55.194863 +00:00', 'ADD_TO_CART', 257, 22);
    INSERT INTO public.user_interaction (id, created_at, interaction_type, product_id, user_id) VALUES (688, '2026-02-23 08:17:15.950796 +00:00', 'ADD_TO_CART', 189, 22);
    INSERT INTO public.user_interaction (id, created_at, interaction_type, product_id, user_id) VALUES (608, '2026-01-27 14:24:19.037645 +00:00', 'PURCHASE', 216, 12);
    SELECT setval(pg_get_serial_sequence('public.orders', 'id'), coalesce(max(id), 1), max(id) IS NOT null) FROM public.orders;
    SELECT setval(pg_get_serial_sequence('public.order_item', 'id'), coalesce(max(id), 1), max(id) IS NOT null) FROM public.order_item;
    SELECT setval(pg_get_serial_sequence('public.product_image', 'id'), coalesce(max(id), 1), max(id) IS NOT null) FROM public.product_image;
    COMMIT;